<?xml version="1.0" encoding="UTF-8"?><gpx creator="Wikiloc - https://www.wikiloc.com" version="1.1" xmlns="http://www.topografix.com/GPX/1/1" xmlns:xsi="http://www.w3.org/2001/XMLSchema-instance" xsi:schemaLocation="http://www.topografix.com/GPX/1/1 http://www.topografix.com/GPX/1/1/gpx.xsd"><metadata><name>Wikiloc - Mirador de Covalanas, Cueva de Covalanas y Cueva de la Luz desde Ramales de la Victoria</name><author><name>Oscar Saiz Gutierrez</name><link href="https://www.wikiloc.com/wikiloc/user.do?id=6589290"><text>Oscar Saiz Gutierrez on Wikiloc</text></link></author><link href="https://www.wikiloc.com/hiking-trails/mirador-de-covalanas-cueva-de-covalanas-y-cueva-de-la-luz-desde-ramales-de-la-victoria-276754157"><text>Mirador de Covalanas, Cueva de Covalanas y Cueva de la Luz desde Ramales de la Victoria on Wikiloc</text></link><time>2026-07-30T09:10:03.958Z</time></metadata><trk><name>Mirador de Covalanas, Cueva de Covalanas y Cueva de la Luz d...</name><cmt></cmt><desc></desc><trkseg><trkpt lat="43.256534" lon="-3.464473"><ele>89.263</ele><time>2026-07-30T08:02:24Z</time></trkpt><trkpt lat="43.256476" lon="-3.464493"><ele>88.244</ele><time>2026-07-30T08:02:30Z</time></trkpt><trkpt lat="43.256428" lon="-3.464496"><ele>87.218</ele><time>2026-07-30T08:02:34.001Z</time></trkpt><trkpt lat="43.256374" lon="-3.464469"><ele>87.109</ele><time>2026-07-30T08:02:39.001Z</time></trkpt><trkpt lat="43.256332" lon="-3.464439"><ele>87.068</ele><time>2026-07-30T08:02:42.001Z</time></trkpt><trkpt lat="43.256283" lon="-3.464436"><ele>87.183</ele><time>2026-07-30T08:02:45.001Z</time></trkpt><trkpt lat="43.256236" lon="-3.464421"><ele>87.142</ele><time>2026-07-30T08:02:48.001Z</time></trkpt><trkpt lat="43.256182" lon="-3.464390"><ele>87.113</ele><time>2026-07-30T08:02:52.001Z</time></trkpt><trkpt lat="43.256143" lon="-3.464335"><ele>87.271</ele><time>2026-07-30T08:02:56.001Z</time></trkpt><trkpt lat="43.256096" lon="-3.464299"><ele>87.310</ele><time>2026-07-30T08:03:00.001Z</time></trkpt><trkpt lat="43.256046" lon="-3.464268"><ele>87.357</ele><time>2026-07-30T08:03:04.001Z</time></trkpt><trkpt lat="43.255995" lon="-3.464233"><ele>87.331</ele><time>2026-07-30T08:03:08.001Z</time></trkpt><trkpt lat="43.255949" lon="-3.464191"><ele>87.423</ele><time>2026-07-30T08:03:12.001Z</time></trkpt><trkpt lat="43.255899" lon="-3.464163"><ele>87.567</ele><time>2026-07-30T08:03:16.001Z</time></trkpt><trkpt lat="43.255846" lon="-3.464140"><ele>87.581</ele><time>2026-07-30T08:03:20.001Z</time></trkpt><trkpt lat="43.255807" lon="-3.464109"><ele>87.619</ele><time>2026-07-30T08:03:23.001Z</time></trkpt><trkpt lat="43.255757" lon="-3.464078"><ele>87.709</ele><time>2026-07-30T08:03:27.001Z</time></trkpt><trkpt lat="43.255717" lon="-3.464036"><ele>87.818</ele><time>2026-07-30T08:03:30.001Z</time></trkpt><trkpt lat="43.255675" lon="-3.464009"><ele>87.973</ele><time>2026-07-30T08:03:34.001Z</time></trkpt><trkpt lat="43.255628" lon="-3.463978"><ele>88.032</ele><time>2026-07-30T08:03:38.001Z</time></trkpt><trkpt lat="43.255581" lon="-3.463946"><ele>88.113</ele><time>2026-07-30T08:03:42.001Z</time></trkpt><trkpt lat="43.255531" lon="-3.463921"><ele>88.351</ele><time>2026-07-30T08:03:46.001Z</time></trkpt><trkpt lat="43.255485" lon="-3.463911"><ele>88.580</ele><time>2026-07-30T08:03:49.001Z</time></trkpt><trkpt lat="43.255443" lon="-3.463876"><ele>88.837</ele><time>2026-07-30T08:03:52.001Z</time></trkpt><trkpt lat="43.255401" lon="-3.463847"><ele>89.071</ele><time>2026-07-30T08:03:55.001Z</time></trkpt><trkpt lat="43.255353" lon="-3.463810"><ele>89.253</ele><time>2026-07-30T08:03:59.001Z</time></trkpt><trkpt lat="43.255299" lon="-3.463790"><ele>89.435</ele><time>2026-07-30T08:04:03.001Z</time></trkpt><trkpt lat="43.255249" lon="-3.463763"><ele>89.686</ele><time>2026-07-30T08:04:07.001Z</time></trkpt><trkpt lat="43.255203" lon="-3.463756"><ele>89.814</ele><time>2026-07-30T08:04:10.001Z</time></trkpt><trkpt lat="43.255154" lon="-3.463729"><ele>90.109</ele><time>2026-07-30T08:04:13.001Z</time></trkpt><trkpt lat="43.255101" lon="-3.463684"><ele>90.455</ele><time>2026-07-30T08:04:17.001Z</time></trkpt><trkpt lat="43.255049" lon="-3.463653"><ele>90.540</ele><time>2026-07-30T08:04:21.001Z</time></trkpt><trkpt lat="43.255001" lon="-3.463620"><ele>90.639</ele><time>2026-07-30T08:04:25Z</time></trkpt><trkpt lat="43.254951" lon="-3.463581"><ele>90.860</ele><time>2026-07-30T08:04:29Z</time></trkpt><trkpt lat="43.254903" lon="-3.463553"><ele>90.968</ele><time>2026-07-30T08:04:32Z</time></trkpt><trkpt lat="43.254856" lon="-3.463510"><ele>90.917</ele><time>2026-07-30T08:04:36Z</time></trkpt><trkpt lat="43.254808" lon="-3.463456"><ele>90.944</ele><time>2026-07-30T08:04:40Z</time></trkpt><trkpt lat="43.254758" lon="-3.463412"><ele>90.968</ele><time>2026-07-30T08:04:44Z</time></trkpt><trkpt lat="43.254714" lon="-3.463383"><ele>90.930</ele><time>2026-07-30T08:04:47Z</time></trkpt><trkpt lat="43.254663" lon="-3.463353"><ele>90.947</ele><time>2026-07-30T08:04:51Z</time></trkpt><trkpt lat="43.254625" lon="-3.463312"><ele>90.929</ele><time>2026-07-30T08:04:54Z</time></trkpt><trkpt lat="43.254574" lon="-3.463266"><ele>90.921</ele><time>2026-07-30T08:04:58Z</time></trkpt><trkpt lat="43.254534" lon="-3.463234"><ele>90.909</ele><time>2026-07-30T08:05:01Z</time></trkpt><trkpt lat="43.254495" lon="-3.463198"><ele>90.956</ele><time>2026-07-30T08:05:04Z</time></trkpt><trkpt lat="43.254451" lon="-3.463148"><ele>90.961</ele><time>2026-07-30T08:05:08Z</time></trkpt><trkpt lat="43.254402" lon="-3.463112"><ele>90.930</ele><time>2026-07-30T08:05:12Z</time></trkpt><trkpt lat="43.254359" lon="-3.463080"><ele>91.041</ele><time>2026-07-30T08:05:15Z</time></trkpt><trkpt lat="43.254318" lon="-3.463036"><ele>91.049</ele><time>2026-07-30T08:05:19Z</time></trkpt><trkpt lat="43.254276" lon="-3.462996"><ele>91.028</ele><time>2026-07-30T08:05:23Z</time></trkpt><trkpt lat="43.254237" lon="-3.462958"><ele>91.045</ele><time>2026-07-30T08:05:26Z</time></trkpt><trkpt lat="43.254201" lon="-3.462910"><ele>91.079</ele><time>2026-07-30T08:05:30Z</time></trkpt><trkpt lat="43.254154" lon="-3.462866"><ele>91.091</ele><time>2026-07-30T08:05:34Z</time></trkpt><trkpt lat="43.254118" lon="-3.462828"><ele>91.062</ele><time>2026-07-30T08:05:37Z</time></trkpt><trkpt lat="43.254074" lon="-3.462777"><ele>91.183</ele><time>2026-07-30T08:05:41Z</time></trkpt><trkpt lat="43.254033" lon="-3.462724"><ele>91.311</ele><time>2026-07-30T08:05:45Z</time></trkpt><trkpt lat="43.254019" lon="-3.462661"><ele>91.409</ele><time>2026-07-30T08:05:48Z</time></trkpt><trkpt lat="43.253982" lon="-3.462614"><ele>91.568</ele><time>2026-07-30T08:05:52Z</time></trkpt><trkpt lat="43.253961" lon="-3.462552"><ele>91.643</ele><time>2026-07-30T08:05:56Z</time></trkpt><trkpt lat="43.253965" lon="-3.462466"><ele>91.672</ele><time>2026-07-30T08:05:59Z</time></trkpt><trkpt lat="43.253939" lon="-3.462393"><ele>91.753</ele><time>2026-07-30T08:06:03Z</time></trkpt><trkpt lat="43.253923" lon="-3.462322"><ele>91.891</ele><time>2026-07-30T08:06:07Z</time></trkpt><trkpt lat="43.253925" lon="-3.462237"><ele>92.090</ele><time>2026-07-30T08:06:11Z</time></trkpt><trkpt lat="43.253908" lon="-3.462175"><ele>92.287</ele><time>2026-07-30T08:06:14Z</time></trkpt><trkpt lat="43.253917" lon="-3.462111"><ele>92.411</ele><time>2026-07-30T08:06:17Z</time></trkpt><trkpt lat="43.253915" lon="-3.462044"><ele>92.443</ele><time>2026-07-30T08:06:20Z</time></trkpt><trkpt lat="43.253914" lon="-3.461961"><ele>92.439</ele><time>2026-07-30T08:06:24Z</time></trkpt><trkpt lat="43.253912" lon="-3.461886"><ele>92.501</ele><time>2026-07-30T08:06:28Z</time></trkpt><trkpt lat="43.253918" lon="-3.461822"><ele>92.721</ele><time>2026-07-30T08:06:31Z</time></trkpt><trkpt lat="43.253915" lon="-3.461755"><ele>92.909</ele><time>2026-07-30T08:06:34Z</time></trkpt><trkpt lat="43.253894" lon="-3.461685"><ele>93.035</ele><time>2026-07-30T08:06:38Z</time></trkpt><trkpt lat="43.253865" lon="-3.461618"><ele>93.180</ele><time>2026-07-30T08:06:42Z</time></trkpt><trkpt lat="43.253833" lon="-3.461554"><ele>93.289</ele><time>2026-07-30T08:06:46Z</time></trkpt><trkpt lat="43.253789" lon="-3.461502"><ele>93.670</ele><time>2026-07-30T08:06:50Z</time></trkpt><trkpt lat="43.253747" lon="-3.461452"><ele>93.768</ele><time>2026-07-30T08:06:54Z</time></trkpt><trkpt lat="43.253696" lon="-3.461413"><ele>93.857</ele><time>2026-07-30T08:06:58Z</time></trkpt><trkpt lat="43.253652" lon="-3.461392"><ele>93.994</ele><time>2026-07-30T08:07:01Z</time></trkpt><trkpt lat="43.253599" lon="-3.461361"><ele>94.128</ele><time>2026-07-30T08:07:05Z</time></trkpt><trkpt lat="43.253552" lon="-3.461335"><ele>94.270</ele><time>2026-07-30T08:07:09Z</time></trkpt><trkpt lat="43.253509" lon="-3.461303"><ele>94.518</ele><time>2026-07-30T08:07:12Z</time></trkpt><trkpt lat="43.253450" lon="-3.461287"><ele>94.898</ele><time>2026-07-30T08:07:16Z</time></trkpt><trkpt lat="43.253395" lon="-3.461264"><ele>94.917</ele><time>2026-07-30T08:07:20Z</time></trkpt><trkpt lat="43.253340" lon="-3.461237"><ele>94.909</ele><time>2026-07-30T08:07:24Z</time></trkpt><trkpt lat="43.253290" lon="-3.461193"><ele>94.983</ele><time>2026-07-30T08:07:28Z</time></trkpt><trkpt lat="43.253245" lon="-3.461167"><ele>94.718</ele><time>2026-07-30T08:07:31Z</time></trkpt><trkpt lat="43.253197" lon="-3.461126"><ele>94.427</ele><time>2026-07-30T08:07:35Z</time></trkpt><trkpt lat="43.253156" lon="-3.461100"><ele>94.398</ele><time>2026-07-30T08:07:38Z</time></trkpt><trkpt lat="43.253103" lon="-3.461062"><ele>94.196</ele><time>2026-07-30T08:07:42Z</time></trkpt><trkpt lat="43.253055" lon="-3.461022"><ele>94.055</ele><time>2026-07-30T08:07:46Z</time></trkpt><trkpt lat="43.253010" lon="-3.461007"><ele>94.062</ele><time>2026-07-30T08:07:49Z</time></trkpt><trkpt lat="43.252968" lon="-3.460975"><ele>94.036</ele><time>2026-07-30T08:07:52Z</time></trkpt><trkpt lat="43.252916" lon="-3.460937"><ele>94.038</ele><time>2026-07-30T08:07:56Z</time></trkpt><trkpt lat="43.252874" lon="-3.460898"><ele>94.014</ele><time>2026-07-30T08:08:00Z</time></trkpt><trkpt lat="43.252814" lon="-3.460864"><ele>94.054</ele><time>2026-07-30T08:08:04Z</time></trkpt><trkpt lat="43.252755" lon="-3.460849"><ele>94.109</ele><time>2026-07-30T08:08:08Z</time></trkpt><trkpt lat="43.252712" lon="-3.460829"><ele>94.409</ele><time>2026-07-30T08:08:11Z</time></trkpt><trkpt lat="43.252665" lon="-3.460798"><ele>94.823</ele><time>2026-07-30T08:08:14Z</time></trkpt><trkpt lat="43.252614" lon="-3.460762"><ele>95.088</ele><time>2026-07-30T08:08:18Z</time></trkpt><trkpt lat="43.252559" lon="-3.460723"><ele>95.217</ele><time>2026-07-30T08:08:22Z</time></trkpt><trkpt lat="43.252507" lon="-3.460688"><ele>95.388</ele><time>2026-07-30T08:08:26Z</time></trkpt><trkpt lat="43.252463" lon="-3.460675"><ele>95.546</ele><time>2026-07-30T08:08:29Z</time></trkpt><trkpt lat="43.252419" lon="-3.460653"><ele>95.685</ele><time>2026-07-30T08:08:32Z</time></trkpt><trkpt lat="43.252375" lon="-3.460636"><ele>95.932</ele><time>2026-07-30T08:08:36Z</time></trkpt><trkpt lat="43.252332" lon="-3.460611"><ele>96.256</ele><time>2026-07-30T08:08:39Z</time></trkpt><trkpt lat="43.252276" lon="-3.460580"><ele>96.618</ele><time>2026-07-30T08:08:43Z</time></trkpt><trkpt lat="43.252228" lon="-3.460575"><ele>97.194</ele><time>2026-07-30T08:08:46Z</time></trkpt><trkpt lat="43.252178" lon="-3.460549"><ele>97.557</ele><time>2026-07-30T08:08:50Z</time></trkpt><trkpt lat="43.252131" lon="-3.460517"><ele>97.922</ele><time>2026-07-30T08:08:54Z</time></trkpt><trkpt lat="43.252078" lon="-3.460502"><ele>98.209</ele><time>2026-07-30T08:08:58Z</time></trkpt><trkpt lat="43.252024" lon="-3.460489"><ele>98.521</ele><time>2026-07-30T08:09:02Z</time></trkpt><trkpt lat="43.251971" lon="-3.460477"><ele>98.746</ele><time>2026-07-30T08:09:06Z</time></trkpt><trkpt lat="43.251921" lon="-3.460468"><ele>99.065</ele><time>2026-07-30T08:09:10Z</time></trkpt><trkpt lat="43.251877" lon="-3.460446"><ele>99.456</ele><time>2026-07-30T08:09:14Z</time></trkpt><trkpt lat="43.251824" lon="-3.460432"><ele>99.914</ele><time>2026-07-30T08:09:18Z</time></trkpt><trkpt lat="43.251769" lon="-3.460413"><ele>100.443</ele><time>2026-07-30T08:09:22Z</time></trkpt><trkpt lat="43.251717" lon="-3.460377"><ele>100.820</ele><time>2026-07-30T08:09:26Z</time></trkpt><trkpt lat="43.251665" lon="-3.460368"><ele>101.244</ele><time>2026-07-30T08:09:30Z</time></trkpt><trkpt lat="43.251609" lon="-3.460357"><ele>101.816</ele><time>2026-07-30T08:09:34Z</time></trkpt><trkpt lat="43.251557" lon="-3.460346"><ele>102.129</ele><time>2026-07-30T08:09:39Z</time></trkpt><trkpt lat="43.251505" lon="-3.460349"><ele>102.400</ele><time>2026-07-30T08:09:43Z</time></trkpt><trkpt lat="43.251449" lon="-3.460330"><ele>102.920</ele><time>2026-07-30T08:09:47Z</time></trkpt><trkpt lat="43.251398" lon="-3.460314"><ele>103.209</ele><time>2026-07-30T08:09:51Z</time></trkpt><trkpt lat="43.251338" lon="-3.460294"><ele>103.694</ele><time>2026-07-30T08:09:55Z</time></trkpt><trkpt lat="43.251286" lon="-3.460278"><ele>104.089</ele><time>2026-07-30T08:09:59Z</time></trkpt><trkpt lat="43.251239" lon="-3.460275"><ele>104.528</ele><time>2026-07-30T08:10:03Z</time></trkpt><trkpt lat="43.251181" lon="-3.460271"><ele>105.099</ele><time>2026-07-30T08:10:08Z</time></trkpt><trkpt lat="43.251128" lon="-3.460279"><ele>105.437</ele><time>2026-07-30T08:10:12Z</time></trkpt><trkpt lat="43.251078" lon="-3.460272"><ele>105.676</ele><time>2026-07-30T08:10:16Z</time></trkpt><trkpt lat="43.251016" lon="-3.460250"><ele>106.413</ele><time>2026-07-30T08:10:21Z</time></trkpt><trkpt lat="43.250964" lon="-3.460246"><ele>107.097</ele><time>2026-07-30T08:10:25Z</time></trkpt><trkpt lat="43.250896" lon="-3.460222"><ele>107.629</ele><time>2026-07-30T08:10:30Z</time></trkpt><trkpt lat="43.250845" lon="-3.460209"><ele>108.219</ele><time>2026-07-30T08:10:35Z</time></trkpt><trkpt lat="43.250795" lon="-3.460198"><ele>108.909</ele><time>2026-07-30T08:10:39Z</time></trkpt><trkpt lat="43.250741" lon="-3.460181"><ele>109.719</ele><time>2026-07-30T08:10:44Z</time></trkpt><trkpt lat="43.250690" lon="-3.460166"><ele>110.209</ele><time>2026-07-30T08:10:48Z</time></trkpt><trkpt lat="43.250645" lon="-3.460153"><ele>110.583</ele><time>2026-07-30T08:10:52Z</time></trkpt><trkpt lat="43.250596" lon="-3.460132"><ele>111.158</ele><time>2026-07-30T08:10:56Z</time></trkpt><trkpt lat="43.250538" lon="-3.460114"><ele>111.877</ele><time>2026-07-30T08:11:01Z</time></trkpt><trkpt lat="43.250486" lon="-3.460112"><ele>112.448</ele><time>2026-07-30T08:11:05Z</time></trkpt><trkpt lat="43.250442" lon="-3.460091"><ele>113.026</ele><time>2026-07-30T08:11:08Z</time></trkpt><trkpt lat="43.250395" lon="-3.460082"><ele>113.685</ele><time>2026-07-30T08:11:12Z</time></trkpt><trkpt lat="43.250345" lon="-3.460056"><ele>114.162</ele><time>2026-07-30T08:11:16Z</time></trkpt><trkpt lat="43.250299" lon="-3.460036"><ele>114.656</ele><time>2026-07-30T08:11:20Z</time></trkpt><trkpt lat="43.250252" lon="-3.460010"><ele>115.178</ele><time>2026-07-30T08:11:24Z</time></trkpt><trkpt lat="43.250207" lon="-3.459986"><ele>115.758</ele><time>2026-07-30T08:11:29Z</time></trkpt><trkpt lat="43.250154" lon="-3.459960"><ele>116.352</ele><time>2026-07-30T08:11:33Z</time></trkpt><trkpt lat="43.250107" lon="-3.459937"><ele>116.917</ele><time>2026-07-30T08:11:37Z</time></trkpt><trkpt lat="43.250055" lon="-3.459913"><ele>117.509</ele><time>2026-07-30T08:11:41Z</time></trkpt><trkpt lat="43.250005" lon="-3.459879"><ele>118.177</ele><time>2026-07-30T08:11:46Z</time></trkpt><trkpt lat="43.249957" lon="-3.459849"><ele>119.052</ele><time>2026-07-30T08:11:50Z</time></trkpt><trkpt lat="43.249912" lon="-3.459840"><ele>119.371</ele><time>2026-07-30T08:11:54Z</time></trkpt><trkpt lat="43.249866" lon="-3.459807"><ele>120.062</ele><time>2026-07-30T08:11:58Z</time></trkpt><trkpt lat="43.249817" lon="-3.459768"><ele>120.730</ele><time>2026-07-30T08:12:03Z</time></trkpt><trkpt lat="43.249770" lon="-3.459731"><ele>121.329</ele><time>2026-07-30T08:12:07Z</time></trkpt><trkpt lat="43.249730" lon="-3.459686"><ele>121.936</ele><time>2026-07-30T08:12:11Z</time></trkpt><trkpt lat="43.249684" lon="-3.459655"><ele>122.560</ele><time>2026-07-30T08:12:15Z</time></trkpt><trkpt lat="43.249639" lon="-3.459628"><ele>123.152</ele><time>2026-07-30T08:12:19Z</time></trkpt><trkpt lat="43.249591" lon="-3.459591"><ele>123.736</ele><time>2026-07-30T08:12:23Z</time></trkpt><trkpt lat="43.249554" lon="-3.459542"><ele>124.217</ele><time>2026-07-30T08:12:28Z</time></trkpt><trkpt lat="43.249515" lon="-3.459510"><ele>124.718</ele><time>2026-07-30T08:12:32Z</time></trkpt><trkpt lat="43.249470" lon="-3.459470"><ele>125.409</ele><time>2026-07-30T08:12:36Z</time></trkpt><trkpt lat="43.249428" lon="-3.459444"><ele>126.175</ele><time>2026-07-30T08:12:40Z</time></trkpt><trkpt lat="43.249391" lon="-3.459407"><ele>126.660</ele><time>2026-07-30T08:12:44Z</time></trkpt><trkpt lat="43.249344" lon="-3.459380"><ele>127.139</ele><time>2026-07-30T08:12:48Z</time></trkpt><trkpt lat="43.249301" lon="-3.459337"><ele>127.740</ele><time>2026-07-30T08:12:53Z</time></trkpt><trkpt lat="43.249260" lon="-3.459293"><ele>128.398</ele><time>2026-07-30T08:12:58Z</time></trkpt><trkpt lat="43.249210" lon="-3.459266"><ele>128.857</ele><time>2026-07-30T08:13:02Z</time></trkpt><trkpt lat="43.249176" lon="-3.459219"><ele>129.384</ele><time>2026-07-30T08:13:06Z</time></trkpt><trkpt lat="43.249134" lon="-3.459196"><ele>129.958</ele><time>2026-07-30T08:13:10Z</time></trkpt><trkpt lat="43.249086" lon="-3.459163"><ele>130.470</ele><time>2026-07-30T08:13:14Z</time></trkpt><trkpt lat="43.249046" lon="-3.459128"><ele>130.872</ele><time>2026-07-30T08:13:18Z</time></trkpt><trkpt lat="43.249003" lon="-3.459083"><ele>131.313</ele><time>2026-07-30T08:13:23Z</time></trkpt><trkpt lat="43.248952" lon="-3.459040"><ele>131.914</ele><time>2026-07-30T08:13:28Z</time></trkpt><trkpt lat="43.248917" lon="-3.459000"><ele>132.509</ele><time>2026-07-30T08:13:32Z</time></trkpt><trkpt lat="43.248872" lon="-3.458957"><ele>133.249</ele><time>2026-07-30T08:13:37Z</time></trkpt><trkpt lat="43.248825" lon="-3.458914"><ele>134.454</ele><time>2026-07-30T08:13:42Z</time></trkpt><trkpt lat="43.248773" lon="-3.458883"><ele>135.263</ele><time>2026-07-30T08:13:47Z</time></trkpt><trkpt lat="43.248735" lon="-3.458842"><ele>135.484</ele><time>2026-07-30T08:13:51Z</time></trkpt><trkpt lat="43.248696" lon="-3.458807"><ele>135.972</ele><time>2026-07-30T08:13:55Z</time></trkpt><trkpt lat="43.248652" lon="-3.458763"><ele>136.421</ele><time>2026-07-30T08:13:59Z</time></trkpt><trkpt lat="43.248613" lon="-3.458718"><ele>136.998</ele><time>2026-07-30T08:14:03Z</time></trkpt><trkpt lat="43.248569" lon="-3.458683"><ele>137.442</ele><time>2026-07-30T08:14:07Z</time></trkpt><trkpt lat="43.248526" lon="-3.458640"><ele>138.094</ele><time>2026-07-30T08:14:12Z</time></trkpt><trkpt lat="43.248483" lon="-3.458598"><ele>138.662</ele><time>2026-07-30T08:14:17Z</time></trkpt><trkpt lat="43.248435" lon="-3.458555"><ele>139.283</ele><time>2026-07-30T08:14:22Z</time></trkpt><trkpt lat="43.248396" lon="-3.458518"><ele>139.811</ele><time>2026-07-30T08:14:26Z</time></trkpt><trkpt lat="43.248357" lon="-3.458474"><ele>140.509</ele><time>2026-07-30T08:14:31Z</time></trkpt><trkpt lat="43.248324" lon="-3.458411"><ele>141.268</ele><time>2026-07-30T08:14:35Z</time></trkpt><trkpt lat="43.248286" lon="-3.458371"><ele>141.773</ele><time>2026-07-30T08:14:39Z</time></trkpt><trkpt lat="43.248252" lon="-3.458311"><ele>142.252</ele><time>2026-07-30T08:14:44Z</time></trkpt><trkpt lat="43.248216" lon="-3.458272"><ele>142.813</ele><time>2026-07-30T08:14:48Z</time></trkpt><trkpt lat="43.248177" lon="-3.458225"><ele>143.671</ele><time>2026-07-30T08:14:51.999Z</time></trkpt><trkpt lat="43.248144" lon="-3.458166"><ele>144.380</ele><time>2026-07-30T08:14:55.999Z</time></trkpt><trkpt lat="43.248119" lon="-3.458110"><ele>144.947</ele><time>2026-07-30T08:14:59.999Z</time></trkpt><trkpt lat="43.248087" lon="-3.458044"><ele>145.561</ele><time>2026-07-30T08:15:04.999Z</time></trkpt><trkpt lat="43.248055" lon="-3.457983"><ele>146.123</ele><time>2026-07-30T08:15:09.999Z</time></trkpt><trkpt lat="43.248034" lon="-3.457919"><ele>146.815</ele><time>2026-07-30T08:15:13.999Z</time></trkpt><trkpt lat="43.248009" lon="-3.457867"><ele>147.665</ele><time>2026-07-30T08:15:17.999Z</time></trkpt><trkpt lat="43.247980" lon="-3.457811"><ele>148.311</ele><time>2026-07-30T08:15:21.999Z</time></trkpt><trkpt lat="43.247953" lon="-3.457750"><ele>148.709</ele><time>2026-07-30T08:15:25.999Z</time></trkpt><trkpt lat="43.247924" lon="-3.457691"><ele>149.153</ele><time>2026-07-30T08:15:29.999Z</time></trkpt><trkpt lat="43.247900" lon="-3.457638"><ele>149.648</ele><time>2026-07-30T08:15:33.999Z</time></trkpt><trkpt lat="43.247869" lon="-3.457578"><ele>150.277</ele><time>2026-07-30T08:15:38.999Z</time></trkpt><trkpt lat="43.247838" lon="-3.457528"><ele>150.748</ele><time>2026-07-30T08:15:42.999Z</time></trkpt><trkpt lat="43.247811" lon="-3.457457"><ele>151.366</ele><time>2026-07-30T08:15:47.999Z</time></trkpt><trkpt lat="43.247782" lon="-3.457404"><ele>152.055</ele><time>2026-07-30T08:15:51.999Z</time></trkpt><trkpt lat="43.247753" lon="-3.457344"><ele>152.682</ele><time>2026-07-30T08:15:55.999Z</time></trkpt><trkpt lat="43.247717" lon="-3.457286"><ele>153.146</ele><time>2026-07-30T08:16:00.999Z</time></trkpt><trkpt lat="43.247693" lon="-3.457232"><ele>153.628</ele><time>2026-07-30T08:16:04.999Z</time></trkpt><trkpt lat="43.247681" lon="-3.457156"><ele>154.465</ele><time>2026-07-30T08:16:08.999Z</time></trkpt><trkpt lat="43.247674" lon="-3.457077"><ele>155.268</ele><time>2026-07-30T08:16:12.999Z</time></trkpt><trkpt lat="43.247679" lon="-3.457012"><ele>155.714</ele><time>2026-07-30T08:16:16.999Z</time></trkpt><trkpt lat="43.247693" lon="-3.456946"><ele>156.209</ele><time>2026-07-30T08:16:20.999Z</time></trkpt><trkpt lat="43.247694" lon="-3.456877"><ele>156.838</ele><time>2026-07-30T08:16:25.999Z</time></trkpt><trkpt lat="43.247704" lon="-3.456814"><ele>157.513</ele><time>2026-07-30T08:16:29.999Z</time></trkpt><trkpt lat="43.247711" lon="-3.456751"><ele>158.462</ele><time>2026-07-30T08:16:32.999Z</time></trkpt><trkpt lat="43.247705" lon="-3.456670"><ele>159.193</ele><time>2026-07-30T08:16:36.999Z</time></trkpt><trkpt lat="43.247716" lon="-3.456602"><ele>159.331</ele><time>2026-07-30T08:16:40.999Z</time></trkpt><trkpt lat="43.247702" lon="-3.456529"><ele>159.690</ele><time>2026-07-30T08:16:44.999Z</time></trkpt><trkpt lat="43.247685" lon="-3.456462"><ele>160.127</ele><time>2026-07-30T08:16:48.999Z</time></trkpt><trkpt lat="43.247662" lon="-3.456396"><ele>160.861</ele><time>2026-07-30T08:16:52.999Z</time></trkpt><trkpt lat="43.247641" lon="-3.456330"><ele>161.153</ele><time>2026-07-30T08:16:56.998Z</time></trkpt><trkpt lat="43.247613" lon="-3.456267"><ele>161.715</ele><time>2026-07-30T08:17:00.998Z</time></trkpt><trkpt lat="43.247590" lon="-3.456199"><ele>162.265</ele><time>2026-07-30T08:17:04.998Z</time></trkpt><trkpt lat="43.247561" lon="-3.456135"><ele>162.711</ele><time>2026-07-30T08:17:08.998Z</time></trkpt><trkpt lat="43.247538" lon="-3.456069"><ele>163.309</ele><time>2026-07-30T08:17:12.998Z</time></trkpt><trkpt lat="43.247510" lon="-3.456017"><ele>163.983</ele><time>2026-07-30T08:17:16.998Z</time></trkpt><trkpt lat="43.247488" lon="-3.455948"><ele>164.418</ele><time>2026-07-30T08:17:21.998Z</time></trkpt><trkpt lat="43.247462" lon="-3.455892"><ele>165.097</ele><time>2026-07-30T08:17:25.998Z</time></trkpt><trkpt lat="43.247429" lon="-3.455847"><ele>165.728</ele><time>2026-07-30T08:17:28.998Z</time></trkpt><trkpt lat="43.247408" lon="-3.455776"><ele>166.456</ele><time>2026-07-30T08:17:33.998Z</time></trkpt><trkpt lat="43.247377" lon="-3.455723"><ele>167.015</ele><time>2026-07-30T08:17:37.998Z</time></trkpt><trkpt lat="43.247350" lon="-3.455668"><ele>167.662</ele><time>2026-07-30T08:17:41.998Z</time></trkpt><trkpt lat="43.247319" lon="-3.455611"><ele>168.386</ele><time>2026-07-30T08:17:45.998Z</time></trkpt><trkpt lat="43.247288" lon="-3.455560"><ele>169.038</ele><time>2026-07-30T08:17:49.998Z</time></trkpt><trkpt lat="43.247252" lon="-3.455516"><ele>169.776</ele><time>2026-07-30T08:17:53.998Z</time></trkpt><trkpt lat="43.247219" lon="-3.455468"><ele>170.390</ele><time>2026-07-30T08:17:57.998Z</time></trkpt><trkpt lat="43.247189" lon="-3.455422"><ele>170.919</ele><time>2026-07-30T08:18:01.998Z</time></trkpt><trkpt lat="43.247152" lon="-3.455374"><ele>171.609</ele><time>2026-07-30T08:18:06.998Z</time></trkpt><trkpt lat="43.247116" lon="-3.455325"><ele>172.279</ele><time>2026-07-30T08:18:10.998Z</time></trkpt><trkpt lat="43.247088" lon="-3.455265"><ele>172.834</ele><time>2026-07-30T08:18:15.998Z</time></trkpt><trkpt lat="43.247051" lon="-3.455217"><ele>173.493</ele><time>2026-07-30T08:18:19.998Z</time></trkpt><trkpt lat="43.247015" lon="-3.455172"><ele>174.254</ele><time>2026-07-30T08:18:23.998Z</time></trkpt><trkpt lat="43.246978" lon="-3.455123"><ele>174.932</ele><time>2026-07-30T08:18:27.998Z</time></trkpt><trkpt lat="43.246941" lon="-3.455071"><ele>175.591</ele><time>2026-07-30T08:18:32.998Z</time></trkpt><trkpt lat="43.246906" lon="-3.455020"><ele>176.258</ele><time>2026-07-30T08:18:36.998Z</time></trkpt><trkpt lat="43.246875" lon="-3.454966"><ele>177.082</ele><time>2026-07-30T08:18:40.998Z</time></trkpt><trkpt lat="43.246839" lon="-3.454912"><ele>177.744</ele><time>2026-07-30T08:18:44.998Z</time></trkpt><trkpt lat="43.246811" lon="-3.454861"><ele>178.361</ele><time>2026-07-30T08:18:47.998Z</time></trkpt><trkpt lat="43.246766" lon="-3.454813"><ele>179.021</ele><time>2026-07-30T08:18:51.998Z</time></trkpt><trkpt lat="43.246724" lon="-3.454750"><ele>179.613</ele><time>2026-07-30T08:18:55.998Z</time></trkpt><trkpt lat="43.246683" lon="-3.454708"><ele>180.409</ele><time>2026-07-30T08:18:59.998Z</time></trkpt><trkpt lat="43.246643" lon="-3.454657"><ele>181.158</ele><time>2026-07-30T08:19:03.997Z</time></trkpt><trkpt lat="43.246605" lon="-3.454612"><ele>181.743</ele><time>2026-07-30T08:19:07.997Z</time></trkpt><trkpt lat="43.246567" lon="-3.454578"><ele>182.062</ele><time>2026-07-30T08:19:10.997Z</time></trkpt><trkpt lat="43.246522" lon="-3.454529"><ele>182.633</ele><time>2026-07-30T08:19:14.997Z</time></trkpt><trkpt lat="43.246479" lon="-3.454496"><ele>183.011</ele><time>2026-07-30T08:19:18.997Z</time></trkpt><trkpt lat="43.246437" lon="-3.454455"><ele>183.430</ele><time>2026-07-30T08:19:22.997Z</time></trkpt><trkpt lat="43.246396" lon="-3.454410"><ele>183.947</ele><time>2026-07-30T08:19:26.997Z</time></trkpt><trkpt lat="43.246355" lon="-3.454378"><ele>184.521</ele><time>2026-07-30T08:19:30.997Z</time></trkpt><trkpt lat="43.246317" lon="-3.454324"><ele>185.053</ele><time>2026-07-30T08:19:34.997Z</time></trkpt><trkpt lat="43.246279" lon="-3.454269"><ele>185.696</ele><time>2026-07-30T08:19:38.997Z</time></trkpt><trkpt lat="43.246244" lon="-3.454220"><ele>186.331</ele><time>2026-07-30T08:19:42.997Z</time></trkpt><trkpt lat="43.246213" lon="-3.454171"><ele>187.124</ele><time>2026-07-30T08:19:46.997Z</time></trkpt><trkpt lat="43.246178" lon="-3.454122"><ele>187.809</ele><time>2026-07-30T08:19:50.997Z</time></trkpt><trkpt lat="43.246144" lon="-3.454071"><ele>188.541</ele><time>2026-07-30T08:19:54.997Z</time></trkpt><trkpt lat="43.246106" lon="-3.454025"><ele>189.396</ele><time>2026-07-30T08:19:58.997Z</time></trkpt><trkpt lat="43.246069" lon="-3.453972"><ele>190.195</ele><time>2026-07-30T08:20:03.997Z</time></trkpt><trkpt lat="43.246026" lon="-3.453923"><ele>190.836</ele><time>2026-07-30T08:20:07.997Z</time></trkpt><trkpt lat="43.245989" lon="-3.453880"><ele>191.524</ele><time>2026-07-30T08:20:11.997Z</time></trkpt><trkpt lat="43.245942" lon="-3.453839"><ele>192.453</ele><time>2026-07-30T08:20:16.997Z</time></trkpt><trkpt lat="43.245903" lon="-3.453799"><ele>193.220</ele><time>2026-07-30T08:20:20.997Z</time></trkpt><trkpt lat="43.245866" lon="-3.453764"><ele>194.094</ele><time>2026-07-30T08:20:24.997Z</time></trkpt><trkpt lat="43.245817" lon="-3.453728"><ele>194.936</ele><time>2026-07-30T08:20:28.997Z</time></trkpt><trkpt lat="43.245779" lon="-3.453690"><ele>195.899</ele><time>2026-07-30T08:20:32.997Z</time></trkpt><trkpt lat="43.245734" lon="-3.453672"><ele>196.607</ele><time>2026-07-30T08:20:37.997Z</time></trkpt><trkpt lat="43.245679" lon="-3.453630"><ele>197.327</ele><time>2026-07-30T08:20:41.997Z</time></trkpt><trkpt lat="43.245638" lon="-3.453582"><ele>198.109</ele><time>2026-07-30T08:20:46.997Z</time></trkpt><trkpt lat="43.245595" lon="-3.453545"><ele>199.091</ele><time>2026-07-30T08:20:50.997Z</time></trkpt><trkpt lat="43.245543" lon="-3.453527"><ele>199.986</ele><time>2026-07-30T08:20:54.997Z</time></trkpt><trkpt lat="43.245489" lon="-3.453518"><ele>201.035</ele><time>2026-07-30T08:20:58.997Z</time></trkpt><trkpt lat="43.245433" lon="-3.453500"><ele>201.746</ele><time>2026-07-30T08:21:03.997Z</time></trkpt><trkpt lat="43.245390" lon="-3.453469"><ele>202.124</ele><time>2026-07-30T08:21:07.995Z</time></trkpt><trkpt lat="43.245334" lon="-3.453468"><ele>203.283</ele><time>2026-07-30T08:21:11.995Z</time></trkpt><trkpt lat="43.245276" lon="-3.453474"><ele>203.920</ele><time>2026-07-30T08:21:15.995Z</time></trkpt><trkpt lat="43.245226" lon="-3.453486"><ele>204.674</ele><time>2026-07-30T08:21:20.995Z</time></trkpt><trkpt lat="43.245167" lon="-3.453504"><ele>205.386</ele><time>2026-07-30T08:21:24.995Z</time></trkpt><trkpt lat="43.245124" lon="-3.453540"><ele>206.012</ele><time>2026-07-30T08:21:28.995Z</time></trkpt><trkpt lat="43.245077" lon="-3.453568"><ele>206.732</ele><time>2026-07-30T08:21:32.995Z</time></trkpt><trkpt lat="43.245031" lon="-3.453614"><ele>207.005</ele><time>2026-07-30T08:21:36.995Z</time></trkpt><trkpt lat="43.244993" lon="-3.453667"><ele>207.809</ele><time>2026-07-30T08:21:40.995Z</time></trkpt><trkpt lat="43.244950" lon="-3.453719"><ele>208.243</ele><time>2026-07-30T08:21:45.995Z</time></trkpt><trkpt lat="43.244912" lon="-3.453777"><ele>208.848</ele><time>2026-07-30T08:21:49.995Z</time></trkpt><trkpt lat="43.244861" lon="-3.453808"><ele>209.657</ele><time>2026-07-30T08:21:52.995Z</time></trkpt><trkpt lat="43.244816" lon="-3.453855"><ele>210.378</ele><time>2026-07-30T08:21:57.995Z</time></trkpt><trkpt lat="43.244760" lon="-3.453869"><ele>210.726</ele><time>2026-07-30T08:22:01.995Z</time></trkpt><trkpt lat="43.244710" lon="-3.453891"><ele>211.185</ele><time>2026-07-30T08:22:05.995Z</time></trkpt><trkpt lat="43.244656" lon="-3.453891"><ele>211.822</ele><time>2026-07-30T08:22:09.995Z</time></trkpt><trkpt lat="43.244603" lon="-3.453889"><ele>212.396</ele><time>2026-07-30T08:22:13.995Z</time></trkpt><trkpt lat="43.244553" lon="-3.453889"><ele>212.548</ele><time>2026-07-30T08:22:17.995Z</time></trkpt><trkpt lat="43.244505" lon="-3.453884"><ele>212.981</ele><time>2026-07-30T08:22:21.995Z</time></trkpt><trkpt lat="43.244450" lon="-3.453872"><ele>213.461</ele><time>2026-07-30T08:22:25.995Z</time></trkpt><trkpt lat="43.244395" lon="-3.453865"><ele>213.917</ele><time>2026-07-30T08:22:29.995Z</time></trkpt><trkpt lat="43.244338" lon="-3.453839"><ele>214.309</ele><time>2026-07-30T08:22:33.995Z</time></trkpt><trkpt lat="43.244281" lon="-3.453822"><ele>214.710</ele><time>2026-07-30T08:22:37.995Z</time></trkpt><trkpt lat="43.244224" lon="-3.453802"><ele>215.165</ele><time>2026-07-30T08:22:41.995Z</time></trkpt><trkpt lat="43.244168" lon="-3.453788"><ele>215.544</ele><time>2026-07-30T08:22:45.995Z</time></trkpt><trkpt lat="43.244130" lon="-3.453752"><ele>215.835</ele><time>2026-07-30T08:22:48.995Z</time></trkpt><trkpt lat="43.244083" lon="-3.453717"><ele>215.983</ele><time>2026-07-30T08:22:52.995Z</time></trkpt><trkpt lat="43.244041" lon="-3.453691"><ele>215.992</ele><time>2026-07-30T08:22:55.995Z</time></trkpt><trkpt lat="43.243988" lon="-3.453671"><ele>216.199</ele><time>2026-07-30T08:22:59.995Z</time></trkpt><trkpt lat="43.243947" lon="-3.453640"><ele>216.493</ele><time>2026-07-30T08:23:02.995Z</time></trkpt><trkpt lat="43.243893" lon="-3.453620"><ele>216.765</ele><time>2026-07-30T08:23:06.995Z</time></trkpt><trkpt lat="43.243834" lon="-3.453602"><ele>217.063</ele><time>2026-07-30T08:23:10.995Z</time></trkpt><trkpt lat="43.243785" lon="-3.453568"><ele>217.544</ele><time>2026-07-30T08:23:14.992Z</time></trkpt><trkpt lat="43.243740" lon="-3.453544"><ele>217.618</ele><time>2026-07-30T08:23:17.992Z</time></trkpt><trkpt lat="43.243682" lon="-3.453519"><ele>218.009</ele><time>2026-07-30T08:23:21.992Z</time></trkpt><trkpt lat="43.243631" lon="-3.453492"><ele>218.188</ele><time>2026-07-30T08:23:25.992Z</time></trkpt><trkpt lat="43.243578" lon="-3.453462"><ele>218.413</ele><time>2026-07-30T08:23:29.992Z</time></trkpt><trkpt lat="43.243523" lon="-3.453441"><ele>218.732</ele><time>2026-07-30T08:23:33.992Z</time></trkpt><trkpt lat="43.243470" lon="-3.453416"><ele>219.023</ele><time>2026-07-30T08:23:37.992Z</time></trkpt><trkpt lat="43.243424" lon="-3.453372"><ele>219.221</ele><time>2026-07-30T08:23:41.992Z</time></trkpt><trkpt lat="43.243371" lon="-3.453331"><ele>219.520</ele><time>2026-07-30T08:23:45.992Z</time></trkpt><trkpt lat="43.243334" lon="-3.453289"><ele>219.947</ele><time>2026-07-30T08:23:49.992Z</time></trkpt><trkpt lat="43.243289" lon="-3.453263"><ele>220.151</ele><time>2026-07-30T08:23:54.992Z</time></trkpt><trkpt lat="43.243274" lon="-3.453199"><ele>220.533</ele><time>2026-07-30T08:24:00.992Z</time></trkpt><trkpt lat="43.243314" lon="-3.453157"><ele>221.255</ele><time>2026-07-30T08:24:02.992Z</time></trkpt><trkpt lat="43.243358" lon="-3.453089"><ele>222.507</ele><time>2026-07-30T08:24:05.992Z</time></trkpt><trkpt lat="43.243415" lon="-3.453020"><ele>223.917</ele><time>2026-07-30T08:24:07.992Z</time></trkpt><trkpt lat="43.243467" lon="-3.453010"><ele>224.609</ele><time>2026-07-30T08:24:11.992Z</time></trkpt><trkpt lat="43.243525" lon="-3.452994"><ele>225.377</ele><time>2026-07-30T08:24:16.992Z</time></trkpt><trkpt lat="43.243572" lon="-3.452996"><ele>226.332</ele><time>2026-07-30T08:24:19.992Z</time></trkpt><trkpt lat="43.243629" lon="-3.452996"><ele>227.421</ele><time>2026-07-30T08:24:23.992Z</time></trkpt><trkpt lat="43.243681" lon="-3.453019"><ele>227.972</ele><time>2026-07-30T08:24:27.992Z</time></trkpt><trkpt lat="43.243735" lon="-3.453022"><ele>228.590</ele><time>2026-07-30T08:24:31.992Z</time></trkpt><trkpt lat="43.243789" lon="-3.453043"><ele>229.289</ele><time>2026-07-30T08:24:35.992Z</time></trkpt><trkpt lat="43.243843" lon="-3.453041"><ele>229.916</ele><time>2026-07-30T08:24:39.992Z</time></trkpt><trkpt lat="43.243890" lon="-3.453051"><ele>230.310</ele><time>2026-07-30T08:24:43.992Z</time></trkpt><trkpt lat="43.243940" lon="-3.453061"><ele>231.042</ele><time>2026-07-30T08:24:47.992Z</time></trkpt><trkpt lat="43.243995" lon="-3.453072"><ele>231.725</ele><time>2026-07-30T08:24:51.992Z</time></trkpt><trkpt lat="43.244044" lon="-3.453087"><ele>232.526</ele><time>2026-07-30T08:24:55.992Z</time></trkpt><trkpt lat="43.244095" lon="-3.453102"><ele>233.208</ele><time>2026-07-30T08:24:59.992Z</time></trkpt><trkpt lat="43.244144" lon="-3.453112"><ele>233.809</ele><time>2026-07-30T08:25:03.992Z</time></trkpt><trkpt lat="43.244201" lon="-3.453120"><ele>234.444</ele><time>2026-07-30T08:25:07.992Z</time></trkpt><trkpt lat="43.244258" lon="-3.453121"><ele>235.249</ele><time>2026-07-30T08:25:11.992Z</time></trkpt><trkpt lat="43.244305" lon="-3.453130"><ele>236.088</ele><time>2026-07-30T08:25:15.992Z</time></trkpt><trkpt lat="43.244350" lon="-3.453130"><ele>236.869</ele><time>2026-07-30T08:25:18.992Z</time></trkpt><trkpt lat="43.244406" lon="-3.453145"><ele>237.517</ele><time>2026-07-30T08:25:23.991Z</time></trkpt><trkpt lat="43.244454" lon="-3.453152"><ele>238.226</ele><time>2026-07-30T08:25:27.991Z</time></trkpt><trkpt lat="43.244502" lon="-3.453157"><ele>239.123</ele><time>2026-07-30T08:25:31.991Z</time></trkpt><trkpt lat="43.244554" lon="-3.453156"><ele>240.097</ele><time>2026-07-30T08:25:35.991Z</time></trkpt><trkpt lat="43.244593" lon="-3.453104"><ele>240.889</ele><time>2026-07-30T08:25:40.991Z</time></trkpt><trkpt lat="43.244543" lon="-3.453066"><ele>241.717</ele><time>2026-07-30T08:25:45.991Z</time></trkpt><trkpt lat="43.244491" lon="-3.453054"><ele>242.887</ele><time>2026-07-30T08:25:49.991Z</time></trkpt><trkpt lat="43.244452" lon="-3.453014"><ele>243.815</ele><time>2026-07-30T08:25:53.991Z</time></trkpt><trkpt lat="43.244408" lon="-3.452965"><ele>244.909</ele><time>2026-07-30T08:25:57.991Z</time></trkpt><trkpt lat="43.244375" lon="-3.452918"><ele>245.373</ele><time>2026-07-30T08:26:01.991Z</time></trkpt><trkpt lat="43.244340" lon="-3.452870"><ele>246.128</ele><time>2026-07-30T08:26:05.991Z</time></trkpt><trkpt lat="43.244292" lon="-3.452825"><ele>246.827</ele><time>2026-07-30T08:26:10.991Z</time></trkpt><trkpt lat="43.244259" lon="-3.452781"><ele>247.668</ele><time>2026-07-30T08:26:14.991Z</time></trkpt><trkpt lat="43.244213" lon="-3.452754"><ele>248.636</ele><time>2026-07-30T08:26:18.991Z</time></trkpt><trkpt lat="43.244180" lon="-3.452704"><ele>249.665</ele><time>2026-07-30T08:26:22.991Z</time></trkpt><trkpt lat="43.244142" lon="-3.452643"><ele>250.492</ele><time>2026-07-30T08:26:27.991Z</time></trkpt><trkpt lat="43.244105" lon="-3.452602"><ele>251.236</ele><time>2026-07-30T08:26:32.991Z</time></trkpt><trkpt lat="43.244064" lon="-3.452555"><ele>252.278</ele><time>2026-07-30T08:26:36.991Z</time></trkpt><trkpt lat="43.244025" lon="-3.452499"><ele>253.246</ele><time>2026-07-30T08:26:40.991Z</time></trkpt><trkpt lat="43.243991" lon="-3.452453"><ele>254.188</ele><time>2026-07-30T08:26:44.991Z</time></trkpt><trkpt lat="43.243957" lon="-3.452400"><ele>255.016</ele><time>2026-07-30T08:26:48.991Z</time></trkpt><trkpt lat="43.243924" lon="-3.452356"><ele>255.909</ele><time>2026-07-30T08:26:51.991Z</time></trkpt><trkpt lat="43.243891" lon="-3.452288"><ele>256.726</ele><time>2026-07-30T08:26:56.991Z</time></trkpt><trkpt lat="43.243856" lon="-3.452241"><ele>257.241</ele><time>2026-07-30T08:27:00.991Z</time></trkpt><trkpt lat="43.243831" lon="-3.452189"><ele>257.920</ele><time>2026-07-30T08:27:03.991Z</time></trkpt><trkpt lat="43.243801" lon="-3.452128"><ele>258.871</ele><time>2026-07-30T08:27:07.991Z</time></trkpt><trkpt lat="43.243782" lon="-3.452066"><ele>259.559</ele><time>2026-07-30T08:27:11.991Z</time></trkpt><trkpt lat="43.243753" lon="-3.452011"><ele>260.188</ele><time>2026-07-30T08:27:15.991Z</time></trkpt><trkpt lat="43.243734" lon="-3.451948"><ele>260.875</ele><time>2026-07-30T08:27:19.991Z</time></trkpt><trkpt lat="43.243721" lon="-3.451886"><ele>261.639</ele><time>2026-07-30T08:27:23.991Z</time></trkpt><trkpt lat="43.243700" lon="-3.451819"><ele>262.491</ele><time>2026-07-30T08:27:27.990Z</time></trkpt><trkpt lat="43.243687" lon="-3.451754"><ele>263.168</ele><time>2026-07-30T08:27:31.990Z</time></trkpt><trkpt lat="43.243663" lon="-3.451694"><ele>263.842</ele><time>2026-07-30T08:27:35.990Z</time></trkpt><trkpt lat="43.243655" lon="-3.451625"><ele>264.626</ele><time>2026-07-30T08:27:39.990Z</time></trkpt><trkpt lat="43.243700" lon="-3.451656"><ele>265.409</ele><time>2026-07-30T08:27:43.990Z</time></trkpt><trkpt lat="43.243743" lon="-3.451709"><ele>266.258</ele><time>2026-07-30T08:27:47.990Z</time></trkpt><trkpt lat="43.243774" lon="-3.451764"><ele>267.013</ele><time>2026-07-30T08:27:51.990Z</time></trkpt><trkpt lat="43.243810" lon="-3.451803"><ele>268.022</ele><time>2026-07-30T08:27:54.990Z</time></trkpt><trkpt lat="43.243849" lon="-3.451862"><ele>268.823</ele><time>2026-07-30T08:27:59.990Z</time></trkpt><trkpt lat="43.243891" lon="-3.451890"><ele>269.491</ele><time>2026-07-30T08:28:03.990Z</time></trkpt><trkpt lat="43.243936" lon="-3.451922"><ele>269.910</ele><time>2026-07-30T08:28:07.990Z</time></trkpt><trkpt lat="43.243985" lon="-3.451961"><ele>270.647</ele><time>2026-07-30T08:28:12.990Z</time></trkpt><trkpt lat="43.244030" lon="-3.451991"><ele>271.441</ele><time>2026-07-30T08:28:16.990Z</time></trkpt><trkpt lat="43.244084" lon="-3.452021"><ele>272.283</ele><time>2026-07-30T08:28:21.990Z</time></trkpt><trkpt lat="43.244128" lon="-3.452058"><ele>273.089</ele><time>2026-07-30T08:28:25.990Z</time></trkpt><trkpt lat="43.244172" lon="-3.452079"><ele>273.906</ele><time>2026-07-30T08:28:29.990Z</time></trkpt><trkpt lat="43.244224" lon="-3.452104"><ele>274.826</ele><time>2026-07-30T08:28:33.990Z</time></trkpt><trkpt lat="43.244283" lon="-3.452118"><ele>275.809</ele><time>2026-07-30T08:28:37.990Z</time></trkpt><trkpt lat="43.244329" lon="-3.452139"><ele>276.290</ele><time>2026-07-30T08:28:41.990Z</time></trkpt><trkpt lat="43.244383" lon="-3.452145"><ele>277.185</ele><time>2026-07-30T08:28:45.990Z</time></trkpt><trkpt lat="43.244433" lon="-3.452151"><ele>278.094</ele><time>2026-07-30T08:28:49.990Z</time></trkpt><trkpt lat="43.244480" lon="-3.452167"><ele>278.885</ele><time>2026-07-30T08:28:53.990Z</time></trkpt><trkpt lat="43.244531" lon="-3.452191"><ele>279.613</ele><time>2026-07-30T08:28:58.990Z</time></trkpt><trkpt lat="43.244587" lon="-3.452190"><ele>280.512</ele><time>2026-07-30T08:29:02.990Z</time></trkpt><trkpt lat="43.244638" lon="-3.452189"><ele>281.529</ele><time>2026-07-30T08:29:06.990Z</time></trkpt><trkpt lat="43.244693" lon="-3.452197"><ele>282.463</ele><time>2026-07-30T08:29:10.990Z</time></trkpt><trkpt lat="43.244748" lon="-3.452211"><ele>283.665</ele><time>2026-07-30T08:29:15.990Z</time></trkpt><trkpt lat="43.244802" lon="-3.452213"><ele>284.624</ele><time>2026-07-30T08:29:20.990Z</time></trkpt><trkpt lat="43.244847" lon="-3.452213"><ele>285.204</ele><time>2026-07-30T08:29:24.990Z</time></trkpt><trkpt lat="43.244894" lon="-3.452205"><ele>286.214</ele><time>2026-07-30T08:29:28.990Z</time></trkpt><trkpt lat="43.244943" lon="-3.452199"><ele>287.109</ele><time>2026-07-30T08:29:32.989Z</time></trkpt><trkpt lat="43.245000" lon="-3.452193"><ele>287.944</ele><time>2026-07-30T08:29:37.989Z</time></trkpt><trkpt lat="43.245047" lon="-3.452191"><ele>288.989</ele><time>2026-07-30T08:29:41.989Z</time></trkpt><trkpt lat="43.245094" lon="-3.452191"><ele>289.928</ele><time>2026-07-30T08:29:45.989Z</time></trkpt><trkpt lat="43.245154" lon="-3.452202"><ele>290.829</ele><time>2026-07-30T08:29:50.989Z</time></trkpt><trkpt lat="43.245200" lon="-3.452193"><ele>291.677</ele><time>2026-07-30T08:29:54.989Z</time></trkpt><trkpt lat="43.245248" lon="-3.452201"><ele>292.436</ele><time>2026-07-30T08:29:57.989Z</time></trkpt><trkpt lat="43.245301" lon="-3.452206"><ele>293.253</ele><time>2026-07-30T08:30:01.989Z</time></trkpt><trkpt lat="43.245358" lon="-3.452209"><ele>293.857</ele><time>2026-07-30T08:30:05.989Z</time></trkpt><trkpt lat="43.245407" lon="-3.452216"><ele>294.479</ele><time>2026-07-30T08:30:09.989Z</time></trkpt><trkpt lat="43.245452" lon="-3.452189"><ele>295.189</ele><time>2026-07-30T08:30:12.989Z</time></trkpt><trkpt lat="43.245497" lon="-3.452180"><ele>295.606</ele><time>2026-07-30T08:30:18.989Z</time></trkpt><trkpt lat="43.245443" lon="-3.452200"><ele>295.826</ele><time>2026-07-30T08:30:28.989Z</time></trkpt><trkpt lat="43.245390" lon="-3.452221"><ele>296.109</ele><time>2026-07-30T08:30:32.989Z</time></trkpt><trkpt lat="43.245341" lon="-3.452228"><ele>296.140</ele><time>2026-07-30T08:30:35.989Z</time></trkpt><trkpt lat="43.245281" lon="-3.452208"><ele>296.125</ele><time>2026-07-30T08:30:39.989Z</time></trkpt><trkpt lat="43.245222" lon="-3.452200"><ele>295.914</ele><time>2026-07-30T08:30:43.989Z</time></trkpt><trkpt lat="43.245167" lon="-3.452208"><ele>295.665</ele><time>2026-07-30T08:30:47.989Z</time></trkpt><trkpt lat="43.245119" lon="-3.452204"><ele>295.443</ele><time>2026-07-30T08:30:51.989Z</time></trkpt><trkpt lat="43.245068" lon="-3.452198"><ele>294.762</ele><time>2026-07-30T08:30:55.989Z</time></trkpt><trkpt lat="43.245017" lon="-3.452200"><ele>294.339</ele><time>2026-07-30T08:30:59.989Z</time></trkpt><trkpt lat="43.244967" lon="-3.452204"><ele>293.563</ele><time>2026-07-30T08:31:03.989Z</time></trkpt><trkpt lat="43.244912" lon="-3.452203"><ele>292.865</ele><time>2026-07-30T08:31:07.989Z</time></trkpt><trkpt lat="43.244860" lon="-3.452212"><ele>292.128</ele><time>2026-07-30T08:31:11.989Z</time></trkpt><trkpt lat="43.244806" lon="-3.452216"><ele>291.289</ele><time>2026-07-30T08:31:15.989Z</time></trkpt><trkpt lat="43.244754" lon="-3.452212"><ele>290.217</ele><time>2026-07-30T08:31:19.989Z</time></trkpt><trkpt lat="43.244704" lon="-3.452205"><ele>289.309</ele><time>2026-07-30T08:31:23.989Z</time></trkpt><trkpt lat="43.244654" lon="-3.452200"><ele>288.584</ele><time>2026-07-30T08:31:27.989Z</time></trkpt><trkpt lat="43.244603" lon="-3.452200"><ele>287.669</ele><time>2026-07-30T08:31:31.989Z</time></trkpt><trkpt lat="43.244549" lon="-3.452187"><ele>286.798</ele><time>2026-07-30T08:31:35.989Z</time></trkpt><trkpt lat="43.244496" lon="-3.452175"><ele>285.959</ele><time>2026-07-30T08:31:39.987Z</time></trkpt><trkpt lat="43.244444" lon="-3.452162"><ele>285.057</ele><time>2026-07-30T08:31:43.987Z</time></trkpt><trkpt lat="43.244388" lon="-3.452156"><ele>284.036</ele><time>2026-07-30T08:31:47.987Z</time></trkpt><trkpt lat="43.244328" lon="-3.452149"><ele>282.543</ele><time>2026-07-30T08:31:51.987Z</time></trkpt><trkpt lat="43.244274" lon="-3.452125"><ele>281.727</ele><time>2026-07-30T08:31:55.987Z</time></trkpt><trkpt lat="43.244231" lon="-3.452103"><ele>280.729</ele><time>2026-07-30T08:31:58.987Z</time></trkpt><trkpt lat="43.244174" lon="-3.452081"><ele>279.753</ele><time>2026-07-30T08:32:02.987Z</time></trkpt><trkpt lat="43.244122" lon="-3.452052"><ele>278.804</ele><time>2026-07-30T08:32:06.987Z</time></trkpt><trkpt lat="43.244070" lon="-3.452025"><ele>277.914</ele><time>2026-07-30T08:32:10.987Z</time></trkpt><trkpt lat="43.244023" lon="-3.452010"><ele>277.309</ele><time>2026-07-30T08:32:13.987Z</time></trkpt><trkpt lat="43.243982" lon="-3.451980"><ele>276.247</ele><time>2026-07-30T08:32:16.987Z</time></trkpt><trkpt lat="43.243938" lon="-3.451960"><ele>275.372</ele><time>2026-07-30T08:32:19.987Z</time></trkpt><trkpt lat="43.243887" lon="-3.451925"><ele>274.511</ele><time>2026-07-30T08:32:23.987Z</time></trkpt><trkpt lat="43.243842" lon="-3.451875"><ele>273.942</ele><time>2026-07-30T08:32:27.987Z</time></trkpt><trkpt lat="43.243799" lon="-3.451817"><ele>273.280</ele><time>2026-07-30T08:32:31.987Z</time></trkpt><trkpt lat="43.243765" lon="-3.451759"><ele>271.889</ele><time>2026-07-30T08:32:35.987Z</time></trkpt><trkpt lat="43.243741" lon="-3.451707"><ele>271.226</ele><time>2026-07-30T08:32:39.987Z</time></trkpt><trkpt lat="43.243706" lon="-3.451647"><ele>270.660</ele><time>2026-07-30T08:32:43.987Z</time></trkpt><trkpt lat="43.243665" lon="-3.451603"><ele>270.332</ele><time>2026-07-30T08:32:47.987Z</time></trkpt><trkpt lat="43.243655" lon="-3.451665"><ele>269.751</ele><time>2026-07-30T08:32:51.987Z</time></trkpt><trkpt lat="43.243672" lon="-3.451736"><ele>269.101</ele><time>2026-07-30T08:32:55.987Z</time></trkpt><trkpt lat="43.243691" lon="-3.451796"><ele>268.511</ele><time>2026-07-30T08:32:59.987Z</time></trkpt><trkpt lat="43.243716" lon="-3.451851"><ele>267.909</ele><time>2026-07-30T08:33:03.987Z</time></trkpt><trkpt lat="43.243731" lon="-3.451917"><ele>267.147</ele><time>2026-07-30T08:33:07.987Z</time></trkpt><trkpt lat="43.243758" lon="-3.451970"><ele>266.352</ele><time>2026-07-30T08:33:11.987Z</time></trkpt><trkpt lat="43.243774" lon="-3.452040"><ele>265.711</ele><time>2026-07-30T08:33:15.987Z</time></trkpt><trkpt lat="43.243801" lon="-3.452100"><ele>265.092</ele><time>2026-07-30T08:33:19.987Z</time></trkpt><trkpt lat="43.243833" lon="-3.452156"><ele>264.250</ele><time>2026-07-30T08:33:23.987Z</time></trkpt><trkpt lat="43.243852" lon="-3.452221"><ele>263.319</ele><time>2026-07-30T08:33:27.987Z</time></trkpt><trkpt lat="43.243883" lon="-3.452271"><ele>262.466</ele><time>2026-07-30T08:33:31.987Z</time></trkpt><trkpt lat="43.243911" lon="-3.452323"><ele>261.640</ele><time>2026-07-30T08:33:35.987Z</time></trkpt><trkpt lat="43.243944" lon="-3.452373"><ele>260.942</ele><time>2026-07-30T08:33:39.987Z</time></trkpt><trkpt lat="43.243976" lon="-3.452434"><ele>260.232</ele><time>2026-07-30T08:33:43.985Z</time></trkpt><trkpt lat="43.244018" lon="-3.452487"><ele>259.592</ele><time>2026-07-30T08:33:47.985Z</time></trkpt><trkpt lat="43.244060" lon="-3.452539"><ele>258.911</ele><time>2026-07-30T08:33:51.985Z</time></trkpt><trkpt lat="43.244096" lon="-3.452588"><ele>258.209</ele><time>2026-07-30T08:33:55.985Z</time></trkpt><trkpt lat="43.244132" lon="-3.452632"><ele>257.395</ele><time>2026-07-30T08:33:59.985Z</time></trkpt><trkpt lat="43.244163" lon="-3.452688"><ele>256.510</ele><time>2026-07-30T08:34:03.985Z</time></trkpt><trkpt lat="43.244207" lon="-3.452723"><ele>255.869</ele><time>2026-07-30T08:34:07.985Z</time></trkpt><trkpt lat="43.244251" lon="-3.452767"><ele>255.070</ele><time>2026-07-30T08:34:11.985Z</time></trkpt><trkpt lat="43.244287" lon="-3.452821"><ele>254.118</ele><time>2026-07-30T08:34:15.985Z</time></trkpt><trkpt lat="43.244332" lon="-3.452859"><ele>253.117</ele><time>2026-07-30T08:34:19.985Z</time></trkpt><trkpt lat="43.244376" lon="-3.452896"><ele>252.244</ele><time>2026-07-30T08:34:23.985Z</time></trkpt><trkpt lat="43.244405" lon="-3.452958"><ele>251.318</ele><time>2026-07-30T08:34:27.985Z</time></trkpt><trkpt lat="43.244451" lon="-3.452976"><ele>250.310</ele><time>2026-07-30T08:34:30.985Z</time></trkpt><trkpt lat="43.244498" lon="-3.453015"><ele>249.253</ele><time>2026-07-30T08:34:34.985Z</time></trkpt><trkpt lat="43.244554" lon="-3.453027"><ele>248.304</ele><time>2026-07-30T08:34:38.985Z</time></trkpt><trkpt lat="43.244604" lon="-3.453059"><ele>247.514</ele><time>2026-07-30T08:34:42.985Z</time></trkpt><trkpt lat="43.244636" lon="-3.453116"><ele>246.509</ele><time>2026-07-30T08:34:51.985Z</time></trkpt><trkpt lat="43.244685" lon="-3.453113"><ele>245.687</ele><time>2026-07-30T08:34:56.985Z</time></trkpt><trkpt lat="43.244715" lon="-3.453067"><ele>245.412</ele><time>2026-07-30T08:35:01.985Z</time></trkpt><trkpt lat="43.244762" lon="-3.453030"><ele>245.481</ele><time>2026-07-30T08:35:07.985Z</time></trkpt><trkpt lat="43.244800" lon="-3.452986"><ele>245.062</ele><time>2026-07-30T08:35:12.985Z</time></trkpt><trkpt lat="43.244823" lon="-3.452932"><ele>244.820</ele><time>2026-07-30T08:35:17.985Z</time></trkpt><trkpt lat="43.244859" lon="-3.452879"><ele>244.829</ele><time>2026-07-30T08:35:21.985Z</time></trkpt><trkpt lat="43.244895" lon="-3.452839"><ele>245.116</ele><time>2026-07-30T08:35:25.985Z</time></trkpt><trkpt lat="43.244954" lon="-3.452796"><ele>245.120</ele><time>2026-07-30T08:35:30.985Z</time></trkpt><trkpt lat="43.245002" lon="-3.452770"><ele>245.192</ele><time>2026-07-30T08:35:34.985Z</time></trkpt><trkpt lat="43.245040" lon="-3.452721"><ele>245.925</ele><time>2026-07-30T08:35:38.985Z</time></trkpt><trkpt lat="43.245088" lon="-3.452671"><ele>246.826</ele><time>2026-07-30T08:35:44.985Z</time></trkpt><trkpt lat="43.245121" lon="-3.452617"><ele>247.208</ele><time>2026-07-30T08:35:48.985Z</time></trkpt><trkpt lat="43.245175" lon="-3.452604"><ele>248.409</ele><time>2026-07-30T08:35:53.983Z</time></trkpt><trkpt lat="43.245217" lon="-3.452569"><ele>248.784</ele><time>2026-07-30T08:36:00.983Z</time></trkpt><trkpt lat="43.245262" lon="-3.452558"><ele>249.389</ele><time>2026-07-30T08:36:07.983Z</time></trkpt><trkpt lat="43.245324" lon="-3.452543"><ele>249.398</ele><time>2026-07-30T08:36:14.983Z</time></trkpt><trkpt lat="43.245275" lon="-3.452567"><ele>249.349</ele><time>2026-07-30T08:36:21.983Z</time></trkpt><trkpt lat="43.245256" lon="-3.452636"><ele>249.047</ele><time>2026-07-30T08:36:23.983Z</time></trkpt><trkpt lat="43.245220" lon="-3.452675"><ele>248.596</ele><time>2026-07-30T08:36:25.983Z</time></trkpt><trkpt lat="43.245168" lon="-3.452686"><ele>248.553</ele><time>2026-07-30T08:36:30.983Z</time></trkpt><trkpt lat="43.245130" lon="-3.452721"><ele>248.557</ele><time>2026-07-30T08:36:35.983Z</time></trkpt><trkpt lat="43.245084" lon="-3.452733"><ele>249.349</ele><time>2026-07-30T08:36:39.983Z</time></trkpt><trkpt lat="43.245051" lon="-3.452791"><ele>249.684</ele><time>2026-07-30T08:36:45.983Z</time></trkpt><trkpt lat="43.245004" lon="-3.452802"><ele>249.607</ele><time>2026-07-30T08:36:50.983Z</time></trkpt><trkpt lat="43.244959" lon="-3.452829"><ele>249.617</ele><time>2026-07-30T08:37:00.983Z</time></trkpt><trkpt lat="43.244914" lon="-3.452867"><ele>248.909</ele><time>2026-07-30T08:37:06.983Z</time></trkpt><trkpt lat="43.244867" lon="-3.452892"><ele>247.940</ele><time>2026-07-30T08:37:10.983Z</time></trkpt><trkpt lat="43.244832" lon="-3.452938"><ele>246.725</ele><time>2026-07-30T08:37:14.983Z</time></trkpt><trkpt lat="43.244806" lon="-3.453004"><ele>246.024</ele><time>2026-07-30T08:37:19.983Z</time></trkpt><trkpt lat="43.244780" lon="-3.453058"><ele>245.645</ele><time>2026-07-30T08:37:23.983Z</time></trkpt><trkpt lat="43.244735" lon="-3.453080"><ele>245.623</ele><time>2026-07-30T08:37:28.983Z</time></trkpt><trkpt lat="43.244692" lon="-3.453118"><ele>245.672</ele><time>2026-07-30T08:37:33.983Z</time></trkpt><trkpt lat="43.244638" lon="-3.453141"><ele>245.489</ele><time>2026-07-30T08:37:38.983Z</time></trkpt><trkpt lat="43.244594" lon="-3.453182"><ele>245.113</ele><time>2026-07-30T08:37:41.983Z</time></trkpt><trkpt lat="43.244541" lon="-3.453177"><ele>245.175</ele><time>2026-07-30T08:37:45.983Z</time></trkpt><trkpt lat="43.244494" lon="-3.453183"><ele>245.179</ele><time>2026-07-30T08:37:49.983Z</time></trkpt><trkpt lat="43.244438" lon="-3.453165"><ele>244.505</ele><time>2026-07-30T08:37:52.983Z</time></trkpt><trkpt lat="43.244392" lon="-3.453165"><ele>243.725</ele><time>2026-07-30T08:37:55.982Z</time></trkpt><trkpt lat="43.244343" lon="-3.453148"><ele>242.909</ele><time>2026-07-30T08:37:58.982Z</time></trkpt><trkpt lat="43.244294" lon="-3.453150"><ele>242.159</ele><time>2026-07-30T08:38:01.982Z</time></trkpt><trkpt lat="43.244248" lon="-3.453146"><ele>241.374</ele><time>2026-07-30T08:38:04.982Z</time></trkpt><trkpt lat="43.244200" lon="-3.453139"><ele>240.563</ele><time>2026-07-30T08:38:07.982Z</time></trkpt><trkpt lat="43.244142" lon="-3.453119"><ele>239.944</ele><time>2026-07-30T08:38:11.982Z</time></trkpt><trkpt lat="43.244095" lon="-3.453125"><ele>239.282</ele><time>2026-07-30T08:38:14.982Z</time></trkpt><trkpt lat="43.244038" lon="-3.453111"><ele>238.311</ele><time>2026-07-30T08:38:18.982Z</time></trkpt><trkpt lat="43.243990" lon="-3.453113"><ele>237.458</ele><time>2026-07-30T08:38:21.982Z</time></trkpt><trkpt lat="43.243931" lon="-3.453107"><ele>236.052</ele><time>2026-07-30T08:38:25.982Z</time></trkpt><trkpt lat="43.243886" lon="-3.453082"><ele>235.754</ele><time>2026-07-30T08:38:28.982Z</time></trkpt><trkpt lat="43.243838" lon="-3.453069"><ele>235.044</ele><time>2026-07-30T08:38:31.982Z</time></trkpt><trkpt lat="43.243793" lon="-3.453065"><ele>234.305</ele><time>2026-07-30T08:38:34.982Z</time></trkpt><trkpt lat="43.243739" lon="-3.453048"><ele>233.815</ele><time>2026-07-30T08:38:38.982Z</time></trkpt><trkpt lat="43.243681" lon="-3.453029"><ele>233.209</ele><time>2026-07-30T08:38:43.982Z</time></trkpt><trkpt lat="43.243629" lon="-3.453030"><ele>232.666</ele><time>2026-07-30T08:38:47.982Z</time></trkpt><trkpt lat="43.243581" lon="-3.453032"><ele>231.851</ele><time>2026-07-30T08:38:51.982Z</time></trkpt><trkpt lat="43.243533" lon="-3.453022"><ele>230.990</ele><time>2026-07-30T08:38:55.982Z</time></trkpt><trkpt lat="43.243488" lon="-3.453040"><ele>230.181</ele><time>2026-07-30T08:38:59.982Z</time></trkpt><trkpt lat="43.243439" lon="-3.453018"><ele>229.489</ele><time>2026-07-30T08:39:03.982Z</time></trkpt><trkpt lat="43.243393" lon="-3.453031"><ele>228.838</ele><time>2026-07-30T08:39:07.982Z</time></trkpt><trkpt lat="43.243343" lon="-3.453029"><ele>228.165</ele><time>2026-07-30T08:39:11.982Z</time></trkpt><trkpt lat="43.243335" lon="-3.453109"><ele>227.279</ele><time>2026-07-30T08:39:15.982Z</time></trkpt><trkpt lat="43.243355" lon="-3.453167"><ele>226.421</ele><time>2026-07-30T08:39:19.982Z</time></trkpt><trkpt lat="43.243358" lon="-3.453230"><ele>225.583</ele><time>2026-07-30T08:39:23.982Z</time></trkpt><trkpt lat="43.243375" lon="-3.453298"><ele>224.525</ele><time>2026-07-30T08:39:27.982Z</time></trkpt><trkpt lat="43.243408" lon="-3.453362"><ele>223.517</ele><time>2026-07-30T08:39:31.982Z</time></trkpt><trkpt lat="43.243462" lon="-3.453385"><ele>222.609</ele><time>2026-07-30T08:39:35.982Z</time></trkpt><trkpt lat="43.243503" lon="-3.453410"><ele>221.960</ele><time>2026-07-30T08:39:38.982Z</time></trkpt><trkpt lat="43.243557" lon="-3.453440"><ele>221.065</ele><time>2026-07-30T08:39:42.982Z</time></trkpt><trkpt lat="43.243609" lon="-3.453468"><ele>220.724</ele><time>2026-07-30T08:39:46.982Z</time></trkpt><trkpt lat="43.243661" lon="-3.453492"><ele>220.355</ele><time>2026-07-30T08:39:50.982Z</time></trkpt><trkpt lat="43.243717" lon="-3.453524"><ele>219.913</ele><time>2026-07-30T08:39:54.982Z</time></trkpt><trkpt lat="43.243758" lon="-3.453552"><ele>219.562</ele><time>2026-07-30T08:39:57.982Z</time></trkpt><trkpt lat="43.243801" lon="-3.453573"><ele>219.379</ele><time>2026-07-30T08:40:00.982Z</time></trkpt><trkpt lat="43.243859" lon="-3.453598"><ele>219.063</ele><time>2026-07-30T08:40:04.980Z</time></trkpt><trkpt lat="43.243911" lon="-3.453626"><ele>218.935</ele><time>2026-07-30T08:40:08.980Z</time></trkpt><trkpt lat="43.243955" lon="-3.453640"><ele>218.782</ele><time>2026-07-30T08:40:11.980Z</time></trkpt><trkpt lat="43.244007" lon="-3.453673"><ele>218.443</ele><time>2026-07-30T08:40:15.980Z</time></trkpt><trkpt lat="43.244058" lon="-3.453704"><ele>218.117</ele><time>2026-07-30T08:40:19.980Z</time></trkpt><trkpt lat="43.244107" lon="-3.453719"><ele>218.009</ele><time>2026-07-30T08:40:23.980Z</time></trkpt><trkpt lat="43.244159" lon="-3.453749"><ele>217.750</ele><time>2026-07-30T08:40:27.980Z</time></trkpt><trkpt lat="43.244212" lon="-3.453782"><ele>217.155</ele><time>2026-07-30T08:40:31.980Z</time></trkpt><trkpt lat="43.244254" lon="-3.453809"><ele>216.934</ele><time>2026-07-30T08:40:34.980Z</time></trkpt><trkpt lat="43.244313" lon="-3.453820"><ele>216.555</ele><time>2026-07-30T08:40:38.980Z</time></trkpt><trkpt lat="43.244367" lon="-3.453837"><ele>216.323</ele><time>2026-07-30T08:40:42.980Z</time></trkpt><trkpt lat="43.244412" lon="-3.453855"><ele>216.112</ele><time>2026-07-30T08:40:45.980Z</time></trkpt><trkpt lat="43.244467" lon="-3.453856"><ele>215.729</ele><time>2026-07-30T08:40:49.980Z</time></trkpt><trkpt lat="43.244520" lon="-3.453855"><ele>215.293</ele><time>2026-07-30T08:40:53.980Z</time></trkpt><trkpt lat="43.244579" lon="-3.453878"><ele>214.955</ele><time>2026-07-30T08:40:57.980Z</time></trkpt><trkpt lat="43.244625" lon="-3.453876"><ele>214.738</ele><time>2026-07-30T08:41:00.980Z</time></trkpt><trkpt lat="43.244673" lon="-3.453879"><ele>214.370</ele><time>2026-07-30T08:41:03.980Z</time></trkpt><trkpt lat="43.244730" lon="-3.453860"><ele>213.917</ele><time>2026-07-30T08:41:07.980Z</time></trkpt><trkpt lat="43.244772" lon="-3.453835"><ele>213.509</ele><time>2026-07-30T08:41:10.980Z</time></trkpt><trkpt lat="43.244822" lon="-3.453804"><ele>213.025</ele><time>2026-07-30T08:41:14.980Z</time></trkpt><trkpt lat="43.244878" lon="-3.453789"><ele>212.640</ele><time>2026-07-30T08:41:18.980Z</time></trkpt><trkpt lat="43.244916" lon="-3.453734"><ele>211.939</ele><time>2026-07-30T08:41:22.980Z</time></trkpt><trkpt lat="43.244948" lon="-3.453690"><ele>211.790</ele><time>2026-07-30T08:41:25.980Z</time></trkpt><trkpt lat="43.244985" lon="-3.453642"><ele>211.478</ele><time>2026-07-30T08:41:29.980Z</time></trkpt><trkpt lat="43.245019" lon="-3.453580"><ele>211.177</ele><time>2026-07-30T08:41:32.980Z</time></trkpt><trkpt lat="43.245057" lon="-3.453534"><ele>210.744</ele><time>2026-07-30T08:41:35.980Z</time></trkpt><trkpt lat="43.245094" lon="-3.453499"><ele>210.128</ele><time>2026-07-30T08:41:38.980Z</time></trkpt><trkpt lat="43.245136" lon="-3.453469"><ele>209.540</ele><time>2026-07-30T08:41:41.980Z</time></trkpt><trkpt lat="43.245187" lon="-3.453448"><ele>209.032</ele><time>2026-07-30T08:41:45.980Z</time></trkpt><trkpt lat="43.245235" lon="-3.453444"><ele>208.692</ele><time>2026-07-30T08:41:48.980Z</time></trkpt><trkpt lat="43.245284" lon="-3.453445"><ele>208.111</ele><time>2026-07-30T08:41:51.980Z</time></trkpt><trkpt lat="43.245339" lon="-3.453439"><ele>207.609</ele><time>2026-07-30T08:41:55.980Z</time></trkpt><trkpt lat="43.245398" lon="-3.453455"><ele>207.135</ele><time>2026-07-30T08:41:59.980Z</time></trkpt><trkpt lat="43.245446" lon="-3.453461"><ele>206.660</ele><time>2026-07-30T08:42:02.980Z</time></trkpt><trkpt lat="43.245492" lon="-3.453476"><ele>205.929</ele><time>2026-07-30T08:42:05.980Z</time></trkpt><trkpt lat="43.245535" lon="-3.453509"><ele>205.350</ele><time>2026-07-30T08:42:08.979Z</time></trkpt><trkpt lat="43.245594" lon="-3.453525"><ele>204.818</ele><time>2026-07-30T08:42:11.979Z</time></trkpt><trkpt lat="43.245637" lon="-3.453554"><ele>204.297</ele><time>2026-07-30T08:42:14.979Z</time></trkpt><trkpt lat="43.245676" lon="-3.453595"><ele>203.734</ele><time>2026-07-30T08:42:18.979Z</time></trkpt><trkpt lat="43.245715" lon="-3.453639"><ele>203.188</ele><time>2026-07-30T08:42:23.979Z</time></trkpt><trkpt lat="43.245762" lon="-3.453658"><ele>202.420</ele><time>2026-07-30T08:42:27.979Z</time></trkpt><trkpt lat="43.245800" lon="-3.453707"><ele>201.565</ele><time>2026-07-30T08:42:31.979Z</time></trkpt><trkpt lat="43.245848" lon="-3.453731"><ele>200.768</ele><time>2026-07-30T08:42:35.979Z</time></trkpt><trkpt lat="43.245887" lon="-3.453780"><ele>200.014</ele><time>2026-07-30T08:42:39.979Z</time></trkpt><trkpt lat="43.245930" lon="-3.453818"><ele>199.209</ele><time>2026-07-30T08:42:43.979Z</time></trkpt><trkpt lat="43.245970" lon="-3.453861"><ele>198.348</ele><time>2026-07-30T08:42:47.979Z</time></trkpt><trkpt lat="43.245998" lon="-3.453917"><ele>197.573</ele><time>2026-07-30T08:42:51.979Z</time></trkpt><trkpt lat="43.246040" lon="-3.453947"><ele>196.772</ele><time>2026-07-30T08:42:55.979Z</time></trkpt><trkpt lat="43.246084" lon="-3.453994"><ele>195.863</ele><time>2026-07-30T08:42:59.979Z</time></trkpt><trkpt lat="43.246117" lon="-3.454043"><ele>194.871</ele><time>2026-07-30T08:43:03.979Z</time></trkpt><trkpt lat="43.246144" lon="-3.454094"><ele>193.880</ele><time>2026-07-30T08:43:06.979Z</time></trkpt><trkpt lat="43.246182" lon="-3.454150"><ele>193.067</ele><time>2026-07-30T08:43:10.979Z</time></trkpt><trkpt lat="43.246223" lon="-3.454203"><ele>192.321</ele><time>2026-07-30T08:43:14.979Z</time></trkpt><trkpt lat="43.246262" lon="-3.454241"><ele>191.613</ele><time>2026-07-30T08:43:17.979Z</time></trkpt><trkpt lat="43.246302" lon="-3.454292"><ele>190.854</ele><time>2026-07-30T08:43:21.979Z</time></trkpt><trkpt lat="43.246347" lon="-3.454345"><ele>190.056</ele><time>2026-07-30T08:43:25.979Z</time></trkpt><trkpt lat="43.246390" lon="-3.454384"><ele>189.611</ele><time>2026-07-30T08:43:28.979Z</time></trkpt><trkpt lat="43.246430" lon="-3.454421"><ele>188.709</ele><time>2026-07-30T08:43:31.979Z</time></trkpt><trkpt lat="43.246462" lon="-3.454486"><ele>187.457</ele><time>2026-07-30T08:43:35.979Z</time></trkpt><trkpt lat="43.246505" lon="-3.454531"><ele>186.712</ele><time>2026-07-30T08:43:39.979Z</time></trkpt><trkpt lat="43.246547" lon="-3.454565"><ele>186.451</ele><time>2026-07-30T08:43:42.979Z</time></trkpt><trkpt lat="43.246587" lon="-3.454602"><ele>185.722</ele><time>2026-07-30T08:43:45.979Z</time></trkpt><trkpt lat="43.246627" lon="-3.454643"><ele>185.070</ele><time>2026-07-30T08:43:49.979Z</time></trkpt><trkpt lat="43.246666" lon="-3.454703"><ele>184.549</ele><time>2026-07-30T08:43:53.979Z</time></trkpt><trkpt lat="43.246706" lon="-3.454738"><ele>184.056</ele><time>2026-07-30T08:43:56.979Z</time></trkpt><trkpt lat="43.246743" lon="-3.454778"><ele>183.540</ele><time>2026-07-30T08:43:59.979Z</time></trkpt><trkpt lat="43.246786" lon="-3.454831"><ele>183.092</ele><time>2026-07-30T08:44:03.979Z</time></trkpt><trkpt lat="43.246817" lon="-3.454882"><ele>182.584</ele><time>2026-07-30T08:44:06.979Z</time></trkpt><trkpt lat="43.246854" lon="-3.454946"><ele>181.907</ele><time>2026-07-30T08:44:10.979Z</time></trkpt><trkpt lat="43.246888" lon="-3.454988"><ele>181.417</ele><time>2026-07-30T08:44:13.977Z</time></trkpt><trkpt lat="43.246917" lon="-3.455048"><ele>180.909</ele><time>2026-07-30T08:44:17.977Z</time></trkpt><trkpt lat="43.246950" lon="-3.455092"><ele>180.390</ele><time>2026-07-30T08:44:20.977Z</time></trkpt><trkpt lat="43.246994" lon="-3.455153"><ele>179.645</ele><time>2026-07-30T08:44:24.977Z</time></trkpt><trkpt lat="43.247026" lon="-3.455202"><ele>178.984</ele><time>2026-07-30T08:44:27.977Z</time></trkpt><trkpt lat="43.247068" lon="-3.455255"><ele>178.355</ele><time>2026-07-30T08:44:31.977Z</time></trkpt><trkpt lat="43.247107" lon="-3.455311"><ele>177.423</ele><time>2026-07-30T08:44:35.977Z</time></trkpt><trkpt lat="43.247141" lon="-3.455373"><ele>176.532</ele><time>2026-07-30T08:44:39.977Z</time></trkpt><trkpt lat="43.247180" lon="-3.455411"><ele>176.149</ele><time>2026-07-30T08:44:43.977Z</time></trkpt><trkpt lat="43.247226" lon="-3.455466"><ele>175.053</ele><time>2026-07-30T08:44:47.977Z</time></trkpt><trkpt lat="43.247259" lon="-3.455526"><ele>174.195</ele><time>2026-07-30T08:44:51.977Z</time></trkpt><trkpt lat="43.247286" lon="-3.455583"><ele>173.358</ele><time>2026-07-30T08:44:54.977Z</time></trkpt><trkpt lat="43.247322" lon="-3.455627"><ele>172.952</ele><time>2026-07-30T08:44:57.977Z</time></trkpt><trkpt lat="43.247343" lon="-3.455683"><ele>172.217</ele><time>2026-07-30T08:45:00.977Z</time></trkpt><trkpt lat="43.247382" lon="-3.455747"><ele>171.709</ele><time>2026-07-30T08:45:04.977Z</time></trkpt><trkpt lat="43.247412" lon="-3.455799"><ele>171.247</ele><time>2026-07-30T08:45:07.977Z</time></trkpt><trkpt lat="43.247437" lon="-3.455861"><ele>170.552</ele><time>2026-07-30T08:45:11.977Z</time></trkpt><trkpt lat="43.247469" lon="-3.455921"><ele>169.821</ele><time>2026-07-30T08:45:14.977Z</time></trkpt><trkpt lat="43.247490" lon="-3.455982"><ele>169.192</ele><time>2026-07-30T08:45:17.977Z</time></trkpt><trkpt lat="43.247518" lon="-3.456040"><ele>168.570</ele><time>2026-07-30T08:45:20.977Z</time></trkpt><trkpt lat="43.247541" lon="-3.456095"><ele>168.079</ele><time>2026-07-30T08:45:23.977Z</time></trkpt><trkpt lat="43.247560" lon="-3.456164"><ele>167.496</ele><time>2026-07-30T08:45:27.977Z</time></trkpt><trkpt lat="43.247592" lon="-3.456222"><ele>166.830</ele><time>2026-07-30T08:45:31.977Z</time></trkpt><trkpt lat="43.247611" lon="-3.456291"><ele>166.152</ele><time>2026-07-30T08:45:35.977Z</time></trkpt><trkpt lat="43.247637" lon="-3.456364"><ele>165.451</ele><time>2026-07-30T08:45:39.977Z</time></trkpt><trkpt lat="43.247657" lon="-3.456420"><ele>164.801</ele><time>2026-07-30T08:45:42.977Z</time></trkpt><trkpt lat="43.247667" lon="-3.456483"><ele>164.211</ele><time>2026-07-30T08:45:45.977Z</time></trkpt><trkpt lat="43.247699" lon="-3.456533"><ele>163.609</ele><time>2026-07-30T08:45:48.977Z</time></trkpt><trkpt lat="43.247720" lon="-3.456607"><ele>163.297</ele><time>2026-07-30T08:45:52.977Z</time></trkpt><trkpt lat="43.247733" lon="-3.456668"><ele>162.852</ele><time>2026-07-30T08:45:56.977Z</time></trkpt><trkpt lat="43.247728" lon="-3.456731"><ele>162.361</ele><time>2026-07-30T08:46:00.977Z</time></trkpt><trkpt lat="43.247719" lon="-3.456810"><ele>162.322</ele><time>2026-07-30T08:46:05.977Z</time></trkpt><trkpt lat="43.247711" lon="-3.456878"><ele>162.350</ele><time>2026-07-30T08:46:08.977Z</time></trkpt><trkpt lat="43.247716" lon="-3.456809"><ele>162.519</ele><time>2026-07-30T08:46:19.975Z</time></trkpt><trkpt lat="43.247757" lon="-3.456837"><ele>163.356</ele><time>2026-07-30T08:46:30.975Z</time></trkpt><trkpt lat="43.247796" lon="-3.456889"><ele>165.550</ele><time>2026-07-30T08:46:33.975Z</time></trkpt><trkpt lat="43.247850" lon="-3.456875"><ele>169.492</ele><time>2026-07-30T08:46:36.975Z</time></trkpt><trkpt lat="43.247866" lon="-3.456812"><ele>172.129</ele><time>2026-07-30T08:46:41.975Z</time></trkpt><trkpt lat="43.247879" lon="-3.456751"><ele>172.900</ele><time>2026-07-30T08:46:48.975Z</time></trkpt><trkpt lat="43.247876" lon="-3.456689"><ele>174.120</ele><time>2026-07-30T08:46:59.975Z</time></trkpt><trkpt lat="43.247835" lon="-3.456725"><ele>176.009</ele><time>2026-07-30T08:47:00.975Z</time></trkpt><trkpt lat="43.247802" lon="-3.456680"><ele>178.844</ele><time>2026-07-30T08:47:02.975Z</time></trkpt><trkpt lat="43.247754" lon="-3.456690"><ele>180.679</ele><time>2026-07-30T08:47:06.975Z</time></trkpt><trkpt lat="43.247692" lon="-3.456675"><ele>180.978</ele><time>2026-07-30T08:47:10.975Z</time></trkpt><trkpt lat="43.247727" lon="-3.456746"><ele>180.959</ele><time>2026-07-30T08:47:15.975Z</time></trkpt><trkpt lat="43.247786" lon="-3.456752"><ele>181.157</ele><time>2026-07-30T08:47:20.975Z</time></trkpt><trkpt lat="43.247836" lon="-3.456769"><ele>180.626</ele><time>2026-07-30T08:47:23.975Z</time></trkpt><trkpt lat="43.247871" lon="-3.456811"><ele>179.623</ele><time>2026-07-30T08:47:30.975Z</time></trkpt><trkpt lat="43.247882" lon="-3.456871"><ele>179.367</ele><time>2026-07-30T08:47:37.975Z</time></trkpt><trkpt lat="43.247861" lon="-3.456810"><ele>177.749</ele><time>2026-07-30T08:47:47.975Z</time></trkpt><trkpt lat="43.247815" lon="-3.456822"><ele>175.585</ele><time>2026-07-30T08:47:57.975Z</time></trkpt><trkpt lat="43.247770" lon="-3.456857"><ele>173.589</ele><time>2026-07-30T08:48:03.975Z</time></trkpt><trkpt lat="43.247725" lon="-3.456877"><ele>171.117</ele><time>2026-07-30T08:48:08.975Z</time></trkpt><trkpt lat="43.247720" lon="-3.456796"><ele>168.609</ele><time>2026-07-30T08:48:13.975Z</time></trkpt><trkpt lat="43.247728" lon="-3.456729"><ele>166.720</ele><time>2026-07-30T08:48:16.975Z</time></trkpt><trkpt lat="43.247734" lon="-3.456655"><ele>165.365</ele><time>2026-07-30T08:48:20.975Z</time></trkpt><trkpt lat="43.247725" lon="-3.456733"><ele>164.364</ele><time>2026-07-30T08:48:26.973Z</time></trkpt><trkpt lat="43.247730" lon="-3.456806"><ele>162.845</ele><time>2026-07-30T08:48:29.973Z</time></trkpt><trkpt lat="43.247698" lon="-3.456874"><ele>161.073</ele><time>2026-07-30T08:48:32.973Z</time></trkpt><trkpt lat="43.247691" lon="-3.456957"><ele>160.542</ele><time>2026-07-30T08:48:36.973Z</time></trkpt><trkpt lat="43.247689" lon="-3.457023"><ele>160.099</ele><time>2026-07-30T08:48:39.973Z</time></trkpt><trkpt lat="43.247682" lon="-3.457089"><ele>159.293</ele><time>2026-07-30T08:48:42.973Z</time></trkpt><trkpt lat="43.247689" lon="-3.457162"><ele>158.665</ele><time>2026-07-30T08:48:46.973Z</time></trkpt><trkpt lat="43.247701" lon="-3.457223"><ele>158.361</ele><time>2026-07-30T08:48:49.973Z</time></trkpt><trkpt lat="43.247729" lon="-3.457272"><ele>157.721</ele><time>2026-07-30T08:48:52.973Z</time></trkpt><trkpt lat="43.247759" lon="-3.457321"><ele>157.113</ele><time>2026-07-30T08:48:55.973Z</time></trkpt><trkpt lat="43.247791" lon="-3.457369"><ele>156.609</ele><time>2026-07-30T08:48:59.973Z</time></trkpt><trkpt lat="43.247805" lon="-3.457431"><ele>156.158</ele><time>2026-07-30T08:49:02.973Z</time></trkpt><trkpt lat="43.247836" lon="-3.457501"><ele>155.483</ele><time>2026-07-30T08:49:06.973Z</time></trkpt><trkpt lat="43.247859" lon="-3.457569"><ele>154.832</ele><time>2026-07-30T08:49:10.973Z</time></trkpt><trkpt lat="43.247890" lon="-3.457639"><ele>154.283</ele><time>2026-07-30T08:49:14.973Z</time></trkpt><trkpt lat="43.247921" lon="-3.457688"><ele>153.471</ele><time>2026-07-30T08:49:17.973Z</time></trkpt><trkpt lat="43.247949" lon="-3.457762"><ele>152.440</ele><time>2026-07-30T08:49:21.973Z</time></trkpt><trkpt lat="43.247989" lon="-3.457801"><ele>151.987</ele><time>2026-07-30T08:49:24.973Z</time></trkpt><trkpt lat="43.248014" lon="-3.457874"><ele>151.351</ele><time>2026-07-30T08:49:28.973Z</time></trkpt><trkpt lat="43.248035" lon="-3.457946"><ele>150.833</ele><time>2026-07-30T08:49:32.973Z</time></trkpt><trkpt lat="43.248065" lon="-3.458002"><ele>150.136</ele><time>2026-07-30T08:49:36.973Z</time></trkpt><trkpt lat="43.248096" lon="-3.458048"><ele>149.817</ele><time>2026-07-30T08:49:39.973Z</time></trkpt><trkpt lat="43.248138" lon="-3.458107"><ele>149.018</ele><time>2026-07-30T08:49:43.973Z</time></trkpt><trkpt lat="43.248156" lon="-3.458178"><ele>148.809</ele><time>2026-07-30T08:49:47.973Z</time></trkpt><trkpt lat="43.248202" lon="-3.458227"><ele>148.255</ele><time>2026-07-30T08:49:51.973Z</time></trkpt><trkpt lat="43.248247" lon="-3.458275"><ele>147.090</ele><time>2026-07-30T08:49:55.973Z</time></trkpt><trkpt lat="43.248281" lon="-3.458338"><ele>146.489</ele><time>2026-07-30T08:49:59.973Z</time></trkpt><trkpt lat="43.248307" lon="-3.458394"><ele>145.780</ele><time>2026-07-30T08:50:02.973Z</time></trkpt><trkpt lat="43.248347" lon="-3.458439"><ele>145.018</ele><time>2026-07-30T08:50:06.973Z</time></trkpt><trkpt lat="43.248382" lon="-3.458486"><ele>144.777</ele><time>2026-07-30T08:50:10.973Z</time></trkpt><trkpt lat="43.248425" lon="-3.458519"><ele>144.084</ele><time>2026-07-30T08:50:14.973Z</time></trkpt><trkpt lat="43.248460" lon="-3.458561"><ele>143.388</ele><time>2026-07-30T08:50:18.973Z</time></trkpt><trkpt lat="43.248494" lon="-3.458609"><ele>142.720</ele><time>2026-07-30T08:50:22.973Z</time></trkpt><trkpt lat="43.248538" lon="-3.458640"><ele>142.229</ele><time>2026-07-30T08:50:26.973Z</time></trkpt><trkpt lat="43.248575" lon="-3.458686"><ele>141.700</ele><time>2026-07-30T08:50:30.972Z</time></trkpt><trkpt lat="43.248622" lon="-3.458723"><ele>141.120</ele><time>2026-07-30T08:50:34.972Z</time></trkpt><trkpt lat="43.248669" lon="-3.458768"><ele>140.409</ele><time>2026-07-30T08:50:38.972Z</time></trkpt><trkpt lat="43.248706" lon="-3.458812"><ele>139.724</ele><time>2026-07-30T08:50:41.972Z</time></trkpt><trkpt lat="43.248752" lon="-3.458853"><ele>139.189</ele><time>2026-07-30T08:50:45.972Z</time></trkpt><trkpt lat="43.248798" lon="-3.458898"><ele>138.788</ele><time>2026-07-30T08:50:49.972Z</time></trkpt><trkpt lat="43.248843" lon="-3.458928"><ele>138.599</ele><time>2026-07-30T08:50:53.972Z</time></trkpt><trkpt lat="43.248888" lon="-3.458964"><ele>138.057</ele><time>2026-07-30T08:50:57.972Z</time></trkpt><trkpt lat="43.248935" lon="-3.459013"><ele>137.176</ele><time>2026-07-30T08:51:01.972Z</time></trkpt><trkpt lat="43.248987" lon="-3.459047"><ele>136.733</ele><time>2026-07-30T08:51:05.972Z</time></trkpt><trkpt lat="43.249035" lon="-3.459080"><ele>136.017</ele><time>2026-07-30T08:51:09.972Z</time></trkpt><trkpt lat="43.249084" lon="-3.459129"><ele>135.259</ele><time>2026-07-30T08:51:13.972Z</time></trkpt><trkpt lat="43.249134" lon="-3.459176"><ele>134.492</ele><time>2026-07-30T08:51:17.972Z</time></trkpt><trkpt lat="43.249180" lon="-3.459218"><ele>133.873</ele><time>2026-07-30T08:51:21.972Z</time></trkpt><trkpt lat="43.249220" lon="-3.459257"><ele>133.120</ele><time>2026-07-30T08:51:25.972Z</time></trkpt><trkpt lat="43.249263" lon="-3.459296"><ele>132.309</ele><time>2026-07-30T08:51:29.972Z</time></trkpt><trkpt lat="43.249304" lon="-3.459335"><ele>131.961</ele><time>2026-07-30T08:51:33.972Z</time></trkpt><trkpt lat="43.249341" lon="-3.459374"><ele>131.246</ele><time>2026-07-30T08:51:37.972Z</time></trkpt><trkpt lat="43.249383" lon="-3.459397"><ele>130.735</ele><time>2026-07-30T08:51:40.972Z</time></trkpt><trkpt lat="43.249429" lon="-3.459427"><ele>130.136</ele><time>2026-07-30T08:51:44.972Z</time></trkpt><trkpt lat="43.249469" lon="-3.459477"><ele>129.614</ele><time>2026-07-30T08:51:48.972Z</time></trkpt><trkpt lat="43.249514" lon="-3.459509"><ele>129.223</ele><time>2026-07-30T08:51:52.972Z</time></trkpt><trkpt lat="43.249559" lon="-3.459549"><ele>128.740</ele><time>2026-07-30T08:51:56.972Z</time></trkpt><trkpt lat="43.249601" lon="-3.459594"><ele>128.184</ele><time>2026-07-30T08:52:00.972Z</time></trkpt><trkpt lat="43.249644" lon="-3.459630"><ele>127.566</ele><time>2026-07-30T08:52:04.972Z</time></trkpt><trkpt lat="43.249688" lon="-3.459676"><ele>127.012</ele><time>2026-07-30T08:52:09.972Z</time></trkpt><trkpt lat="43.249729" lon="-3.459714"><ele>126.732</ele><time>2026-07-30T08:52:14.972Z</time></trkpt><trkpt lat="43.249772" lon="-3.459751"><ele>126.405</ele><time>2026-07-30T08:52:21.972Z</time></trkpt><trkpt lat="43.249821" lon="-3.459771"><ele>125.809</ele><time>2026-07-30T08:52:29.972Z</time></trkpt><trkpt lat="43.249872" lon="-3.459806"><ele>125.163</ele><time>2026-07-30T08:52:34.972Z</time></trkpt><trkpt lat="43.249919" lon="-3.459824"><ele>124.368</ele><time>2026-07-30T08:52:38.970Z</time></trkpt><trkpt lat="43.249968" lon="-3.459857"><ele>123.747</ele><time>2026-07-30T08:52:42.970Z</time></trkpt><trkpt lat="43.250019" lon="-3.459881"><ele>123.278</ele><time>2026-07-30T08:52:46.970Z</time></trkpt><trkpt lat="43.250073" lon="-3.459911"><ele>122.126</ele><time>2026-07-30T08:52:50.970Z</time></trkpt><trkpt lat="43.250120" lon="-3.459937"><ele>121.825</ele><time>2026-07-30T08:52:54.970Z</time></trkpt><trkpt lat="43.250169" lon="-3.459960"><ele>120.812</ele><time>2026-07-30T08:52:58.970Z</time></trkpt><trkpt lat="43.250213" lon="-3.459983"><ele>120.546</ele><time>2026-07-30T08:53:02.970Z</time></trkpt><trkpt lat="43.250267" lon="-3.460012"><ele>119.848</ele><time>2026-07-30T08:53:06.970Z</time></trkpt><trkpt lat="43.250321" lon="-3.460035"><ele>119.072</ele><time>2026-07-30T08:53:11.970Z</time></trkpt><trkpt lat="43.250373" lon="-3.460065"><ele>118.313</ele><time>2026-07-30T08:53:15.970Z</time></trkpt><trkpt lat="43.250425" lon="-3.460084"><ele>117.214</ele><time>2026-07-30T08:53:19.970Z</time></trkpt><trkpt lat="43.250470" lon="-3.460089"><ele>116.909</ele><time>2026-07-30T08:53:22.970Z</time></trkpt><trkpt lat="43.250524" lon="-3.460107"><ele>116.449</ele><time>2026-07-30T08:53:26.970Z</time></trkpt><trkpt lat="43.250575" lon="-3.460132"><ele>116.044</ele><time>2026-07-30T08:53:30.970Z</time></trkpt><trkpt lat="43.250621" lon="-3.460151"><ele>115.523</ele><time>2026-07-30T08:53:34.970Z</time></trkpt><trkpt lat="43.250672" lon="-3.460164"><ele>115.074</ele><time>2026-07-30T08:53:38.970Z</time></trkpt><trkpt lat="43.250723" lon="-3.460169"><ele>114.592</ele><time>2026-07-30T08:53:42.970Z</time></trkpt><trkpt lat="43.250769" lon="-3.460193"><ele>113.971</ele><time>2026-07-30T08:53:46.970Z</time></trkpt><trkpt lat="43.250825" lon="-3.460207"><ele>113.328</ele><time>2026-07-30T08:53:50.970Z</time></trkpt><trkpt lat="43.250875" lon="-3.460218"><ele>112.762</ele><time>2026-07-30T08:53:54.970Z</time></trkpt><trkpt lat="43.250929" lon="-3.460237"><ele>112.094</ele><time>2026-07-30T08:53:58.970Z</time></trkpt><trkpt lat="43.250975" lon="-3.460258"><ele>111.488</ele><time>2026-07-30T08:54:01.970Z</time></trkpt><trkpt lat="43.251033" lon="-3.460262"><ele>110.924</ele><time>2026-07-30T08:54:05.970Z</time></trkpt><trkpt lat="43.251091" lon="-3.460276"><ele>110.126</ele><time>2026-07-30T08:54:09.970Z</time></trkpt><trkpt lat="43.251141" lon="-3.460278"><ele>109.409</ele><time>2026-07-30T08:54:13.970Z</time></trkpt><trkpt lat="43.251189" lon="-3.460273"><ele>109.190</ele><time>2026-07-30T08:54:16.970Z</time></trkpt><trkpt lat="43.251249" lon="-3.460275"><ele>108.255</ele><time>2026-07-30T08:54:20.970Z</time></trkpt><trkpt lat="43.251300" lon="-3.460287"><ele>108.054</ele><time>2026-07-30T08:54:23.970Z</time></trkpt><trkpt lat="43.251350" lon="-3.460291"><ele>107.595</ele><time>2026-07-30T08:54:26.970Z</time></trkpt><trkpt lat="43.251396" lon="-3.460300"><ele>107.043</ele><time>2026-07-30T08:54:29.970Z</time></trkpt><trkpt lat="43.251444" lon="-3.460310"><ele>106.622</ele><time>2026-07-30T08:54:32.970Z</time></trkpt><trkpt lat="43.251494" lon="-3.460322"><ele>106.269</ele><time>2026-07-30T08:54:35.970Z</time></trkpt><trkpt lat="43.251540" lon="-3.460347"><ele>105.933</ele><time>2026-07-30T08:54:38.970Z</time></trkpt><trkpt lat="43.251587" lon="-3.460360"><ele>105.565</ele><time>2026-07-30T08:54:41.970Z</time></trkpt><trkpt lat="43.251637" lon="-3.460364"><ele>105.071</ele><time>2026-07-30T08:54:44.968Z</time></trkpt><trkpt lat="43.251683" lon="-3.460378"><ele>104.541</ele><time>2026-07-30T08:54:47.968Z</time></trkpt><trkpt lat="43.251730" lon="-3.460392"><ele>104.115</ele><time>2026-07-30T08:54:50.968Z</time></trkpt><trkpt lat="43.251776" lon="-3.460399"><ele>103.809</ele><time>2026-07-30T08:54:53.968Z</time></trkpt><trkpt lat="43.251824" lon="-3.460416"><ele>103.599</ele><time>2026-07-30T08:54:56.968Z</time></trkpt><trkpt lat="43.251869" lon="-3.460435"><ele>103.124</ele><time>2026-07-30T08:54:59.968Z</time></trkpt><trkpt lat="43.251916" lon="-3.460444"><ele>102.713</ele><time>2026-07-30T08:55:02.968Z</time></trkpt><trkpt lat="43.251963" lon="-3.460452"><ele>102.354</ele><time>2026-07-30T08:55:05.968Z</time></trkpt><trkpt lat="43.252010" lon="-3.460461"><ele>102.072</ele><time>2026-07-30T08:55:08.968Z</time></trkpt><trkpt lat="43.252059" lon="-3.460476"><ele>101.821</ele><time>2026-07-30T08:55:11.968Z</time></trkpt><trkpt lat="43.252107" lon="-3.460493"><ele>101.558</ele><time>2026-07-30T08:55:14.968Z</time></trkpt><trkpt lat="43.252160" lon="-3.460521"><ele>101.092</ele><time>2026-07-30T08:55:18.968Z</time></trkpt><trkpt lat="43.252215" lon="-3.460545"><ele>100.534</ele><time>2026-07-30T08:55:22.968Z</time></trkpt><trkpt lat="43.252265" lon="-3.460557"><ele>100.017</ele><time>2026-07-30T08:55:25.968Z</time></trkpt><trkpt lat="43.252320" lon="-3.460580"><ele>99.587</ele><time>2026-07-30T08:55:29.968Z</time></trkpt><trkpt lat="43.252362" lon="-3.460602"><ele>99.415</ele><time>2026-07-30T08:55:32.968Z</time></trkpt><trkpt lat="43.252416" lon="-3.460625"><ele>99.109</ele><time>2026-07-30T08:55:36.968Z</time></trkpt><trkpt lat="43.252469" lon="-3.460662"><ele>98.863</ele><time>2026-07-30T08:55:40.968Z</time></trkpt><trkpt lat="43.252510" lon="-3.460689"><ele>98.518</ele><time>2026-07-30T08:55:43.968Z</time></trkpt><trkpt lat="43.252553" lon="-3.460708"><ele>98.097</ele><time>2026-07-30T08:55:46.968Z</time></trkpt><trkpt lat="43.252595" lon="-3.460737"><ele>97.488</ele><time>2026-07-30T08:55:49.968Z</time></trkpt><trkpt lat="43.252638" lon="-3.460759"><ele>97.036</ele><time>2026-07-30T08:55:52.968Z</time></trkpt><trkpt lat="43.252679" lon="-3.460786"><ele>96.765</ele><time>2026-07-30T08:55:55.968Z</time></trkpt><trkpt lat="43.252732" lon="-3.460820"><ele>96.432</ele><time>2026-07-30T08:55:59.968Z</time></trkpt><trkpt lat="43.252791" lon="-3.460841"><ele>96.216</ele><time>2026-07-30T08:56:03.968Z</time></trkpt><trkpt lat="43.252836" lon="-3.460863"><ele>96.088</ele><time>2026-07-30T08:56:06.968Z</time></trkpt><trkpt lat="43.252878" lon="-3.460889"><ele>95.858</ele><time>2026-07-30T08:56:09.968Z</time></trkpt><trkpt lat="43.252922" lon="-3.460914"><ele>95.652</ele><time>2026-07-30T08:56:12.968Z</time></trkpt><trkpt lat="43.252962" lon="-3.460952"><ele>95.317</ele><time>2026-07-30T08:56:15.968Z</time></trkpt><trkpt lat="43.252998" lon="-3.460994"><ele>95.009</ele><time>2026-07-30T08:56:18.968Z</time></trkpt><trkpt lat="43.253036" lon="-3.461028"><ele>94.737</ele><time>2026-07-30T08:56:21.968Z</time></trkpt><trkpt lat="43.253076" lon="-3.461060"><ele>94.562</ele><time>2026-07-30T08:56:24.968Z</time></trkpt><trkpt lat="43.253119" lon="-3.461086"><ele>94.521</ele><time>2026-07-30T08:56:27.968Z</time></trkpt><trkpt lat="43.253159" lon="-3.461120"><ele>94.542</ele><time>2026-07-30T08:56:30.968Z</time></trkpt><trkpt lat="43.253196" lon="-3.461164"><ele>94.560</ele><time>2026-07-30T08:56:33.968Z</time></trkpt><trkpt lat="43.253244" lon="-3.461197"><ele>94.529</ele><time>2026-07-30T08:56:37.968Z</time></trkpt><trkpt lat="43.253297" lon="-3.461235"><ele>94.556</ele><time>2026-07-30T08:56:41.968Z</time></trkpt><trkpt lat="43.253341" lon="-3.461256"><ele>94.590</ele><time>2026-07-30T08:56:44.968Z</time></trkpt><trkpt lat="43.253382" lon="-3.461281"><ele>94.572</ele><time>2026-07-30T08:56:47.968Z</time></trkpt><trkpt lat="43.253426" lon="-3.461298"><ele>94.565</ele><time>2026-07-30T08:56:50.967Z</time></trkpt><trkpt lat="43.253482" lon="-3.461319"><ele>94.768</ele><time>2026-07-30T08:56:54.967Z</time></trkpt><trkpt lat="43.253524" lon="-3.461344"><ele>94.914</ele><time>2026-07-30T08:56:57.967Z</time></trkpt><trkpt lat="43.253568" lon="-3.461363"><ele>95.109</ele><time>2026-07-30T08:57:00.967Z</time></trkpt><trkpt lat="43.253625" lon="-3.461385"><ele>95.288</ele><time>2026-07-30T08:57:04.967Z</time></trkpt><trkpt lat="43.253681" lon="-3.461410"><ele>95.223</ele><time>2026-07-30T08:57:08.967Z</time></trkpt><trkpt lat="43.253735" lon="-3.461444"><ele>95.212</ele><time>2026-07-30T08:57:12.967Z</time></trkpt><trkpt lat="43.253771" lon="-3.461481"><ele>95.213</ele><time>2026-07-30T08:57:15.967Z</time></trkpt><trkpt lat="43.253808" lon="-3.461517"><ele>95.141</ele><time>2026-07-30T08:57:18.967Z</time></trkpt><trkpt lat="43.253865" lon="-3.461523"><ele>94.960</ele><time>2026-07-30T08:57:22.967Z</time></trkpt><trkpt lat="43.253900" lon="-3.461477"><ele>94.787</ele><time>2026-07-30T08:57:25.967Z</time></trkpt><trkpt lat="43.253931" lon="-3.461413"><ele>94.681</ele><time>2026-07-30T08:57:33.967Z</time></trkpt><trkpt lat="43.253960" lon="-3.461356"><ele>94.663</ele><time>2026-07-30T08:57:35.967Z</time></trkpt><trkpt lat="43.254001" lon="-3.461286"><ele>94.675</ele><time>2026-07-30T08:57:37.967Z</time></trkpt><trkpt lat="43.254037" lon="-3.461240"><ele>95.028</ele><time>2026-07-30T08:57:39.967Z</time></trkpt><trkpt lat="43.254077" lon="-3.461186"><ele>95.520</ele><time>2026-07-30T08:57:43.967Z</time></trkpt><trkpt lat="43.254111" lon="-3.461129"><ele>96.109</ele><time>2026-07-30T08:57:47.967Z</time></trkpt><trkpt lat="43.254161" lon="-3.461101"><ele>97.349</ele><time>2026-07-30T08:57:51.967Z</time></trkpt><trkpt lat="43.254210" lon="-3.461064"><ele>97.924</ele><time>2026-07-30T08:57:55.967Z</time></trkpt><trkpt lat="43.254265" lon="-3.461056"><ele>99.333</ele><time>2026-07-30T08:57:59.967Z</time></trkpt><trkpt lat="43.254307" lon="-3.461026"><ele>99.814</ele><time>2026-07-30T08:58:04.967Z</time></trkpt><trkpt lat="43.254348" lon="-3.460989"><ele>100.832</ele><time>2026-07-30T08:58:08.967Z</time></trkpt><trkpt lat="43.254388" lon="-3.460949"><ele>101.831</ele><time>2026-07-30T08:58:12.967Z</time></trkpt><trkpt lat="43.254429" lon="-3.460912"><ele>102.528</ele><time>2026-07-30T08:58:16.967Z</time></trkpt><trkpt lat="43.254479" lon="-3.460887"><ele>102.882</ele><time>2026-07-30T08:58:21.967Z</time></trkpt><trkpt lat="43.254527" lon="-3.460870"><ele>103.164</ele><time>2026-07-30T08:58:24.967Z</time></trkpt><trkpt lat="43.254572" lon="-3.460842"><ele>103.365</ele><time>2026-07-30T08:58:27.967Z</time></trkpt><trkpt lat="43.254615" lon="-3.460820"><ele>103.368</ele><time>2026-07-30T08:58:30.967Z</time></trkpt><trkpt lat="43.254654" lon="-3.460765"><ele>103.314</ele><time>2026-07-30T08:58:34.967Z</time></trkpt><trkpt lat="43.254628" lon="-3.460704"><ele>103.209</ele><time>2026-07-30T08:58:37.967Z</time></trkpt><trkpt lat="43.254611" lon="-3.460647"><ele>102.858</ele><time>2026-07-30T08:58:40.967Z</time></trkpt><trkpt lat="43.254593" lon="-3.460590"><ele>102.533</ele><time>2026-07-30T08:58:43.967Z</time></trkpt><trkpt lat="43.254571" lon="-3.460536"><ele>102.562</ele><time>2026-07-30T08:58:46.967Z</time></trkpt><trkpt lat="43.254544" lon="-3.460468"><ele>102.543</ele><time>2026-07-30T08:58:50.967Z</time></trkpt><trkpt lat="43.254519" lon="-3.460396"><ele>102.531</ele><time>2026-07-30T08:58:54.966Z</time></trkpt><trkpt lat="43.254500" lon="-3.460321"><ele>102.670</ele><time>2026-07-30T08:58:58.966Z</time></trkpt><trkpt lat="43.254481" lon="-3.460248"><ele>102.767</ele><time>2026-07-30T08:59:02.966Z</time></trkpt><trkpt lat="43.254466" lon="-3.460175"><ele>102.831</ele><time>2026-07-30T08:59:06.966Z</time></trkpt><trkpt lat="43.254454" lon="-3.460106"><ele>102.973</ele><time>2026-07-30T08:59:10.966Z</time></trkpt><trkpt lat="43.254438" lon="-3.460035"><ele>103.112</ele><time>2026-07-30T08:59:14.966Z</time></trkpt><trkpt lat="43.254412" lon="-3.459966"><ele>103.132</ele><time>2026-07-30T08:59:18.966Z</time></trkpt><trkpt lat="43.254385" lon="-3.459900"><ele>103.105</ele><time>2026-07-30T08:59:22.966Z</time></trkpt><trkpt lat="43.254351" lon="-3.459837"><ele>103.109</ele><time>2026-07-30T08:59:26.966Z</time></trkpt><trkpt lat="43.254318" lon="-3.459776"><ele>102.973</ele><time>2026-07-30T08:59:30.966Z</time></trkpt><trkpt lat="43.254290" lon="-3.459726"><ele>102.858</ele><time>2026-07-30T08:59:33.966Z</time></trkpt><trkpt lat="43.254255" lon="-3.459663"><ele>102.827</ele><time>2026-07-30T08:59:37.966Z</time></trkpt><trkpt lat="43.254214" lon="-3.459601"><ele>102.838</ele><time>2026-07-30T08:59:41.966Z</time></trkpt><trkpt lat="43.254186" lon="-3.459552"><ele>102.876</ele><time>2026-07-30T08:59:44.966Z</time></trkpt><trkpt lat="43.254166" lon="-3.459489"><ele>103.045</ele><time>2026-07-30T08:59:47.966Z</time></trkpt><trkpt lat="43.254173" lon="-3.459423"><ele>103.252</ele><time>2026-07-30T08:59:50.966Z</time></trkpt><trkpt lat="43.254200" lon="-3.459355"><ele>103.626</ele><time>2026-07-30T08:59:54.966Z</time></trkpt><trkpt lat="43.254212" lon="-3.459290"><ele>104.168</ele><time>2026-07-30T08:59:59.966Z</time></trkpt><trkpt lat="43.254255" lon="-3.459255"><ele>104.528</ele><time>2026-07-30T09:00:02.966Z</time></trkpt><trkpt lat="43.254316" lon="-3.459224"><ele>104.689</ele><time>2026-07-30T09:00:05.966Z</time></trkpt><trkpt lat="43.254373" lon="-3.459220"><ele>104.717</ele><time>2026-07-30T09:00:09.966Z</time></trkpt><trkpt lat="43.254425" lon="-3.459213"><ele>104.509</ele><time>2026-07-30T09:00:12.966Z</time></trkpt><trkpt lat="43.254482" lon="-3.459200"><ele>104.064</ele><time>2026-07-30T09:00:15.966Z</time></trkpt><trkpt lat="43.254535" lon="-3.459194"><ele>103.549</ele><time>2026-07-30T09:00:18.966Z</time></trkpt><trkpt lat="43.254595" lon="-3.459201"><ele>103.148</ele><time>2026-07-30T09:00:22.966Z</time></trkpt><trkpt lat="43.254645" lon="-3.459202"><ele>102.519</ele><time>2026-07-30T09:00:25.966Z</time></trkpt><trkpt lat="43.254696" lon="-3.459203"><ele>101.777</ele><time>2026-07-30T09:00:28.966Z</time></trkpt><trkpt lat="43.254749" lon="-3.459201"><ele>101.496</ele><time>2026-07-30T09:00:31.966Z</time></trkpt><trkpt lat="43.254796" lon="-3.459214"><ele>100.863</ele><time>2026-07-30T09:00:34.966Z</time></trkpt><trkpt lat="43.254850" lon="-3.459192"><ele>100.397</ele><time>2026-07-30T09:00:37.966Z</time></trkpt><trkpt lat="43.254906" lon="-3.459196"><ele>99.819</ele><time>2026-07-30T09:00:41.966Z</time></trkpt><trkpt lat="43.254951" lon="-3.459182"><ele>99.211</ele><time>2026-07-30T09:00:44.966Z</time></trkpt><trkpt lat="43.255001" lon="-3.459182"><ele>98.621</ele><time>2026-07-30T09:00:47.966Z</time></trkpt><trkpt lat="43.255056" lon="-3.459176"><ele>98.003</ele><time>2026-07-30T09:00:50.966Z</time></trkpt><trkpt lat="43.255113" lon="-3.459193"><ele>97.509</ele><time>2026-07-30T09:00:54.966Z</time></trkpt><trkpt lat="43.255160" lon="-3.459173"><ele>97.153</ele><time>2026-07-30T09:00:57.966Z</time></trkpt><trkpt lat="43.255213" lon="-3.459168"><ele>96.578</ele><time>2026-07-30T09:01:00.965Z</time></trkpt><trkpt lat="43.255257" lon="-3.459134"><ele>95.947</ele><time>2026-07-30T09:01:03.965Z</time></trkpt><trkpt lat="43.255304" lon="-3.459082"><ele>95.148</ele><time>2026-07-30T09:01:07.965Z</time></trkpt><trkpt lat="43.255330" lon="-3.459017"><ele>94.886</ele><time>2026-07-30T09:01:10.965Z</time></trkpt><trkpt lat="43.255355" lon="-3.458963"><ele>94.255</ele><time>2026-07-30T09:01:13.965Z</time></trkpt><trkpt lat="43.255368" lon="-3.458887"><ele>93.682</ele><time>2026-07-30T09:01:17.965Z</time></trkpt><trkpt lat="43.255399" lon="-3.458842"><ele>93.026</ele><time>2026-07-30T09:01:20.965Z</time></trkpt><trkpt lat="43.255424" lon="-3.458786"><ele>92.338</ele><time>2026-07-30T09:01:23.965Z</time></trkpt><trkpt lat="43.255458" lon="-3.458726"><ele>91.524</ele><time>2026-07-30T09:01:26.965Z</time></trkpt><trkpt lat="43.255491" lon="-3.458661"><ele>90.904</ele><time>2026-07-30T09:01:29.965Z</time></trkpt><trkpt lat="43.255515" lon="-3.458603"><ele>90.314</ele><time>2026-07-30T09:01:32.965Z</time></trkpt><trkpt lat="43.255554" lon="-3.458567"><ele>89.709</ele><time>2026-07-30T09:01:35.965Z</time></trkpt><trkpt lat="43.255589" lon="-3.458494"><ele>89.144</ele><time>2026-07-30T09:01:39.965Z</time></trkpt><trkpt lat="43.255620" lon="-3.458434"><ele>89.169</ele><time>2026-07-30T09:01:43.965Z</time></trkpt><trkpt lat="43.255652" lon="-3.458379"><ele>89.258</ele><time>2026-07-30T09:01:47.965Z</time></trkpt><trkpt lat="43.255675" lon="-3.458312"><ele>89.319</ele><time>2026-07-30T09:01:50.965Z</time></trkpt><trkpt lat="43.255694" lon="-3.458244"><ele>89.527</ele><time>2026-07-30T09:01:53.965Z</time></trkpt><trkpt lat="43.255703" lon="-3.458172"><ele>89.656</ele><time>2026-07-30T09:01:57.965Z</time></trkpt><trkpt lat="43.255676" lon="-3.458227"><ele>89.833</ele><time>2026-07-30T09:02:02.965Z</time></trkpt><trkpt lat="43.255679" lon="-3.458293"><ele>90.147</ele><time>2026-07-30T09:02:05.965Z</time></trkpt><trkpt lat="43.255660" lon="-3.458363"><ele>90.129</ele><time>2026-07-30T09:02:09.965Z</time></trkpt><trkpt lat="43.255613" lon="-3.458414"><ele>90.141</ele><time>2026-07-30T09:02:13.965Z</time></trkpt><trkpt lat="43.255586" lon="-3.458474"><ele>90.181</ele><time>2026-07-30T09:02:16.965Z</time></trkpt><trkpt lat="43.255553" lon="-3.458540"><ele>89.809</ele><time>2026-07-30T09:02:20.965Z</time></trkpt><trkpt lat="43.255516" lon="-3.458585"><ele>89.709</ele><time>2026-07-30T09:02:23.965Z</time></trkpt><trkpt lat="43.255488" lon="-3.458642"><ele>89.696</ele><time>2026-07-30T09:02:26.965Z</time></trkpt><trkpt lat="43.255453" lon="-3.458704"><ele>89.421</ele><time>2026-07-30T09:02:30.965Z</time></trkpt><trkpt lat="43.255428" lon="-3.458767"><ele>89.320</ele><time>2026-07-30T09:02:34.965Z</time></trkpt><trkpt lat="43.255404" lon="-3.458839"><ele>89.371</ele><time>2026-07-30T09:02:38.965Z</time></trkpt><trkpt lat="43.255376" lon="-3.458889"><ele>89.399</ele><time>2026-07-30T09:02:41.965Z</time></trkpt><trkpt lat="43.255362" lon="-3.458949"><ele>89.668</ele><time>2026-07-30T09:02:44.965Z</time></trkpt><trkpt lat="43.255336" lon="-3.459018"><ele>90.155</ele><time>2026-07-30T09:02:48.965Z</time></trkpt><trkpt lat="43.255307" lon="-3.459079"><ele>90.679</ele><time>2026-07-30T09:02:52.965Z</time></trkpt><trkpt lat="43.255269" lon="-3.459132"><ele>91.241</ele><time>2026-07-30T09:02:56.965Z</time></trkpt><trkpt lat="43.255224" lon="-3.459154"><ele>91.976</ele><time>2026-07-30T09:02:59.965Z</time></trkpt><trkpt lat="43.255173" lon="-3.459179"><ele>92.690</ele><time>2026-07-30T09:03:03.965Z</time></trkpt><trkpt lat="43.255115" lon="-3.459192"><ele>93.119</ele><time>2026-07-30T09:03:07.963Z</time></trkpt><trkpt lat="43.255058" lon="-3.459198"><ele>94.009</ele><time>2026-07-30T09:03:11.963Z</time></trkpt><trkpt lat="43.255002" lon="-3.459206"><ele>94.759</ele><time>2026-07-30T09:03:15.963Z</time></trkpt><trkpt lat="43.254944" lon="-3.459209"><ele>95.444</ele><time>2026-07-30T09:03:19.963Z</time></trkpt><trkpt lat="43.254886" lon="-3.459209"><ele>96.273</ele><time>2026-07-30T09:03:23.963Z</time></trkpt><trkpt lat="43.254828" lon="-3.459206"><ele>96.894</ele><time>2026-07-30T09:03:27.963Z</time></trkpt><trkpt lat="43.254771" lon="-3.459207"><ele>97.432</ele><time>2026-07-30T09:03:31.963Z</time></trkpt><trkpt lat="43.254714" lon="-3.459211"><ele>98.031</ele><time>2026-07-30T09:03:35.963Z</time></trkpt><trkpt lat="43.254659" lon="-3.459217"><ele>98.568</ele><time>2026-07-30T09:03:39.963Z</time></trkpt><trkpt lat="43.254602" lon="-3.459213"><ele>99.082</ele><time>2026-07-30T09:03:43.963Z</time></trkpt><trkpt lat="43.254554" lon="-3.459215"><ele>99.784</ele><time>2026-07-30T09:03:47.963Z</time></trkpt><trkpt lat="43.254506" lon="-3.459221"><ele>100.066</ele><time>2026-07-30T09:03:51.963Z</time></trkpt><trkpt lat="43.254459" lon="-3.459223"><ele>100.729</ele><time>2026-07-30T09:03:55.963Z</time></trkpt><trkpt lat="43.254403" lon="-3.459231"><ele>101.321</ele><time>2026-07-30T09:03:59.963Z</time></trkpt><trkpt lat="43.254348" lon="-3.459239"><ele>101.909</ele><time>2026-07-30T09:04:03.963Z</time></trkpt><trkpt lat="43.254294" lon="-3.459245"><ele>102.688</ele><time>2026-07-30T09:04:07.963Z</time></trkpt><trkpt lat="43.254246" lon="-3.459283"><ele>103.373</ele><time>2026-07-30T09:04:11.963Z</time></trkpt><trkpt lat="43.254210" lon="-3.459332"><ele>104.282</ele><time>2026-07-30T09:04:15.963Z</time></trkpt><trkpt lat="43.254184" lon="-3.459390"><ele>104.543</ele><time>2026-07-30T09:04:19.963Z</time></trkpt><trkpt lat="43.254175" lon="-3.459461"><ele>104.941</ele><time>2026-07-30T09:04:23.963Z</time></trkpt><trkpt lat="43.254194" lon="-3.459534"><ele>105.160</ele><time>2026-07-30T09:04:27.963Z</time></trkpt><trkpt lat="43.254213" lon="-3.459596"><ele>105.127</ele><time>2026-07-30T09:04:31.963Z</time></trkpt><trkpt lat="43.254249" lon="-3.459655"><ele>105.131</ele><time>2026-07-30T09:04:35.963Z</time></trkpt><trkpt lat="43.254279" lon="-3.459710"><ele>104.863</ele><time>2026-07-30T09:04:39.963Z</time></trkpt><trkpt lat="43.254314" lon="-3.459767"><ele>104.218</ele><time>2026-07-30T09:04:43.963Z</time></trkpt><trkpt lat="43.254348" lon="-3.459824"><ele>103.798</ele><time>2026-07-30T09:04:47.963Z</time></trkpt><trkpt lat="43.254383" lon="-3.459878"><ele>103.417</ele><time>2026-07-30T09:04:51.963Z</time></trkpt><trkpt lat="43.254413" lon="-3.459941"><ele>103.209</ele><time>2026-07-30T09:04:55.963Z</time></trkpt><trkpt lat="43.254440" lon="-3.460004"><ele>103.233</ele><time>2026-07-30T09:04:59.963Z</time></trkpt><trkpt lat="43.254452" lon="-3.460076"><ele>103.248</ele><time>2026-07-30T09:05:03.963Z</time></trkpt><trkpt lat="43.254462" lon="-3.460142"><ele>103.267</ele><time>2026-07-30T09:05:07.963Z</time></trkpt><trkpt lat="43.254469" lon="-3.460210"><ele>103.298</ele><time>2026-07-30T09:05:11.963Z</time></trkpt><trkpt lat="43.254488" lon="-3.460275"><ele>103.216</ele><time>2026-07-30T09:05:15.961Z</time></trkpt><trkpt lat="43.254507" lon="-3.460347"><ele>103.215</ele><time>2026-07-30T09:05:19.961Z</time></trkpt><trkpt lat="43.254527" lon="-3.460411"><ele>103.292</ele><time>2026-07-30T09:05:23.961Z</time></trkpt><trkpt lat="43.254545" lon="-3.460475"><ele>103.236</ele><time>2026-07-30T09:05:27.961Z</time></trkpt><trkpt lat="43.254576" lon="-3.460536"><ele>103.238</ele><time>2026-07-30T09:05:31.961Z</time></trkpt><trkpt lat="43.254602" lon="-3.460597"><ele>103.125</ele><time>2026-07-30T09:05:35.961Z</time></trkpt><trkpt lat="43.254622" lon="-3.460663"><ele>103.026</ele><time>2026-07-30T09:05:39.961Z</time></trkpt><trkpt lat="43.254644" lon="-3.460728"><ele>102.908</ele><time>2026-07-30T09:05:43.961Z</time></trkpt><trkpt lat="43.254661" lon="-3.460785"><ele>102.809</ele><time>2026-07-30T09:05:46.961Z</time></trkpt><trkpt lat="43.254689" lon="-3.460858"><ele>102.744</ele><time>2026-07-30T09:05:50.961Z</time></trkpt><trkpt lat="43.254722" lon="-3.460920"><ele>102.699</ele><time>2026-07-30T09:05:54.961Z</time></trkpt><trkpt lat="43.254764" lon="-3.460973"><ele>102.428</ele><time>2026-07-30T09:05:58.961Z</time></trkpt><trkpt lat="43.254792" lon="-3.461039"><ele>102.229</ele><time>2026-07-30T09:06:02.961Z</time></trkpt><trkpt lat="43.254829" lon="-3.461078"><ele>101.997</ele><time>2026-07-30T09:06:05.961Z</time></trkpt><trkpt lat="43.254865" lon="-3.461138"><ele>101.626</ele><time>2026-07-30T09:06:09.961Z</time></trkpt><trkpt lat="43.254904" lon="-3.461175"><ele>101.543</ele><time>2026-07-30T09:06:12.961Z</time></trkpt><trkpt lat="43.254937" lon="-3.461219"><ele>101.127</ele><time>2026-07-30T09:06:15.961Z</time></trkpt><trkpt lat="43.254977" lon="-3.461280"><ele>100.729</ele><time>2026-07-30T09:06:19.961Z</time></trkpt><trkpt lat="43.255012" lon="-3.461343"><ele>100.426</ele><time>2026-07-30T09:06:23.961Z</time></trkpt><trkpt lat="43.255051" lon="-3.461395"><ele>100.147</ele><time>2026-07-30T09:06:27.961Z</time></trkpt><trkpt lat="43.255087" lon="-3.461435"><ele>99.811</ele><time>2026-07-30T09:06:30.961Z</time></trkpt><trkpt lat="43.255133" lon="-3.461482"><ele>99.209</ele><time>2026-07-30T09:06:34.961Z</time></trkpt><trkpt lat="43.255162" lon="-3.461539"><ele>99.094</ele><time>2026-07-30T09:06:37.961Z</time></trkpt><trkpt lat="43.255196" lon="-3.461586"><ele>98.629</ele><time>2026-07-30T09:06:40.961Z</time></trkpt><trkpt lat="43.255245" lon="-3.461636"><ele>98.228</ele><time>2026-07-30T09:06:44.961Z</time></trkpt><trkpt lat="43.255274" lon="-3.461685"><ele>97.859</ele><time>2026-07-30T09:06:47.961Z</time></trkpt><trkpt lat="43.255307" lon="-3.461742"><ele>97.497</ele><time>2026-07-30T09:06:51.961Z</time></trkpt><trkpt lat="43.255344" lon="-3.461803"><ele>97.146</ele><time>2026-07-30T09:06:55.961Z</time></trkpt><trkpt lat="43.255382" lon="-3.461863"><ele>96.653</ele><time>2026-07-30T09:06:59.961Z</time></trkpt><trkpt lat="43.255416" lon="-3.461916"><ele>96.477</ele><time>2026-07-30T09:07:03.961Z</time></trkpt><trkpt lat="43.255458" lon="-3.461971"><ele>95.729</ele><time>2026-07-30T09:07:07.961Z</time></trkpt><trkpt lat="43.255484" lon="-3.462032"><ele>95.128</ele><time>2026-07-30T09:07:10.961Z</time></trkpt><trkpt lat="43.255512" lon="-3.462083"><ele>94.889</ele><time>2026-07-30T09:07:13.961Z</time></trkpt><trkpt lat="43.255552" lon="-3.462129"><ele>94.317</ele><time>2026-07-30T09:07:16.961Z</time></trkpt><trkpt lat="43.255587" lon="-3.462170"><ele>93.709</ele><time>2026-07-30T09:07:19.959Z</time></trkpt><trkpt lat="43.255616" lon="-3.462222"><ele>93.184</ele><time>2026-07-30T09:07:22.959Z</time></trkpt><trkpt lat="43.255645" lon="-3.462274"><ele>92.439</ele><time>2026-07-30T09:07:25.959Z</time></trkpt><trkpt lat="43.255681" lon="-3.462336"><ele>91.868</ele><time>2026-07-30T09:07:29.959Z</time></trkpt><trkpt lat="43.255711" lon="-3.462385"><ele>91.369</ele><time>2026-07-30T09:07:32.959Z</time></trkpt><trkpt lat="43.255734" lon="-3.462442"><ele>90.627</ele><time>2026-07-30T09:07:35.959Z</time></trkpt><trkpt lat="43.255773" lon="-3.462504"><ele>89.936</ele><time>2026-07-30T09:07:39.959Z</time></trkpt><trkpt lat="43.255791" lon="-3.462582"><ele>89.213</ele><time>2026-07-30T09:07:43.959Z</time></trkpt><trkpt lat="43.255823" lon="-3.462629"><ele>89.097</ele><time>2026-07-30T09:07:46.959Z</time></trkpt><trkpt lat="43.255848" lon="-3.462680"><ele>88.739</ele><time>2026-07-30T09:07:49.959Z</time></trkpt><trkpt lat="43.255888" lon="-3.462723"><ele>88.421</ele><time>2026-07-30T09:07:52.959Z</time></trkpt><trkpt lat="43.255913" lon="-3.462778"><ele>88.241</ele><time>2026-07-30T09:07:55.959Z</time></trkpt><trkpt lat="43.255943" lon="-3.462829"><ele>88.005</ele><time>2026-07-30T09:07:59.959Z</time></trkpt><trkpt lat="43.255968" lon="-3.462901"><ele>87.909</ele><time>2026-07-30T09:08:03.959Z</time></trkpt><trkpt lat="43.255984" lon="-3.462974"><ele>87.814</ele><time>2026-07-30T09:08:07.959Z</time></trkpt><trkpt lat="43.256012" lon="-3.463029"><ele>87.739</ele><time>2026-07-30T09:08:11.959Z</time></trkpt><trkpt lat="43.256035" lon="-3.463083"><ele>87.658</ele><time>2026-07-30T09:08:15.959Z</time></trkpt><trkpt lat="43.256080" lon="-3.463095"><ele>87.689</ele><time>2026-07-30T09:08:17.959Z</time></trkpt><trkpt lat="43.256127" lon="-3.463123"><ele>87.677</ele><time>2026-07-30T09:08:21.959Z</time></trkpt><trkpt lat="43.256169" lon="-3.463144"><ele>87.656</ele><time>2026-07-30T09:08:24.959Z</time></trkpt><trkpt lat="43.256211" lon="-3.463169"><ele>87.753</ele><time>2026-07-30T09:08:27.959Z</time></trkpt><trkpt lat="43.256267" lon="-3.463189"><ele>87.847</ele><time>2026-07-30T09:08:31.959Z</time></trkpt><trkpt lat="43.256313" lon="-3.463222"><ele>87.849</ele><time>2026-07-30T09:08:35.959Z</time></trkpt><trkpt lat="43.256347" lon="-3.463279"><ele>87.898</ele><time>2026-07-30T09:08:39.959Z</time></trkpt><trkpt lat="43.256375" lon="-3.463336"><ele>87.815</ele><time>2026-07-30T09:08:43.959Z</time></trkpt><trkpt lat="43.256395" lon="-3.463409"><ele>87.826</ele><time>2026-07-30T09:08:49.959Z</time></trkpt><trkpt lat="43.256371" lon="-3.463475"><ele>87.709</ele><time>2026-07-30T09:08:50.959Z</time></trkpt><trkpt lat="43.256356" lon="-3.463536"><ele>87.561</ele><time>2026-07-30T09:08:53.959Z</time></trkpt><trkpt lat="43.256343" lon="-3.463596"><ele>87.456</ele><time>2026-07-30T09:08:56.959Z</time></trkpt><trkpt lat="43.256330" lon="-3.463659"><ele>87.485</ele><time>2026-07-30T09:08:59.959Z</time></trkpt><trkpt lat="43.256314" lon="-3.463732"><ele>87.496</ele><time>2026-07-30T09:09:03.959Z</time></trkpt><trkpt lat="43.256298" lon="-3.463805"><ele>87.484</ele><time>2026-07-30T09:09:07.959Z</time></trkpt><trkpt lat="43.256281" lon="-3.463883"><ele>87.463</ele><time>2026-07-30T09:09:11.959Z</time></trkpt><trkpt lat="43.256263" lon="-3.463959"><ele>87.580</ele><time>2026-07-30T09:09:15.959Z</time></trkpt><trkpt lat="43.256248" lon="-3.464030"><ele>87.594</ele><time>2026-07-30T09:09:19.959Z</time></trkpt><trkpt lat="43.256231" lon="-3.464096"><ele>87.536</ele><time>2026-07-30T09:09:23.959Z</time></trkpt><trkpt lat="43.256214" lon="-3.464162"><ele>87.526</ele><time>2026-07-30T09:09:27.958Z</time></trkpt><trkpt lat="43.256195" lon="-3.464233"><ele>87.547</ele><time>2026-07-30T09:09:31.958Z</time></trkpt><trkpt lat="43.256184" lon="-3.464299"><ele>87.411</ele><time>2026-07-30T09:09:35.958Z</time></trkpt><trkpt lat="43.256194" lon="-3.464374"><ele>87.309</ele><time>2026-07-30T09:09:39.958Z</time></trkpt><trkpt lat="43.256243" lon="-3.464396"><ele>87.284</ele><time>2026-07-30T09:09:42.958Z</time></trkpt><trkpt lat="43.256279" lon="-3.464435"><ele>87.159</ele><time>2026-07-30T09:09:45.958Z</time></trkpt><trkpt lat="43.256325" lon="-3.464486"><ele>87.098</ele><time>2026-07-30T09:09:49.958Z</time></trkpt><trkpt lat="43.256372" lon="-3.464514"><ele>86.929</ele><time>2026-07-30T09:09:52.958Z</time></trkpt><trkpt lat="43.256420" lon="-3.464527"><ele>86.977</ele><time>2026-07-30T09:09:55.958Z</time></trkpt><trkpt lat="43.256473" lon="-3.464553"><ele>86.996</ele><time>2026-07-30T09:09:59.958Z</time></trkpt><trkpt lat="43.256527" lon="-3.464573"><ele>86.713</ele><time>2026-07-30T09:10:03.958Z</time></trkpt></trkseg></trk></gpx>